SampleID,isobut_m,isocapr_m,isoval_m,2hyoxplac_m,4hphac_m,tma_m,h2s_m,hdca_m,ocdca_m,ttdca_m,4hbz_m,phenol_m,phpyr_m,indole_m
DRR212401,1.00E-06,1.00E-06,1.00E-06,1.00E-06,0.020379699,0.80927603,1.00E-06,1.00E-06,1.00E-06,1.00E-06,1.00E-06,1.00E-06,1.00E-06,1.00E-06
DRR212402,1.00E-06,1.00E-06,1.00E-06,1.00E-06,0.066734487,15.4819463,6.467294785,1.00E-06,1.00E-06,1.00E-06,0.200272596,1.00E-06,1.00E-06,1.00E-06
DRR212403,1.00E-06,1.00E-06,1.00E-06,1.00E-06,0.005169233,10.53133397,1.00E-06,1.00E-06,1.00E-06,1.00E-06,1.00E-06,1.00E-06,1.00E-06,1.00E-06
DRR212404,1.00E-06,1.00E-06,1.00E-06,1.00E-06,1.00E-06,1.648416343,1.00E-06,1.00E-06,1.00E-06,1.00E-06,1.00E-06,1.00E-06,1.00E-06,1.00E-06
DRR212405,1.00E-06,1.00E-06,1.00E-06,1.00E-06,1.00E-06,1.234044194,1.00E-06,1.00E-06,1.00E-06,1.00E-06,1.00E-06,1.00E-06,1.00E-06,1.00E-06
DRR212406,1.00E-06,1.00E-06,1.00E-06,1.00E-06,1.00E-06,5.419863448,1.00E-06,1.00E-06,1.00E-06,0.024345134,1.00E-06,0.5912577,1.00E-06,1.00E-06
DRR212407,1.00E-06,1.00E-06,1.00E-06,1.00E-06,1.00E-06,3.053840536,1.00E-06,1.00E-06,1.00E-06,1.00E-06,1.00E-06,1.00E-06,1.00E-06,1.00E-06
DRR212408,1.00E-06,1.00E-06,1.00E-06,1.00E-06,1.00E-06,4.965034965,1.00E-06,1.00E-06,1.00E-06,1.00E-06,1.00E-06,0.054048418,1.00E-06,1.00E-06
DRR212409,0.042702674,1.00E-06,1.00E-06,1.00E-06,1.00E-06,5.865695793,1.00E-06,1.00E-06,1.00E-06,1.00E-06,0.637514604,1.00E-06,1.00E-06,1.00E-06
DRR212410,1.00E-06,1.00E-06,1.00E-06,1.00E-06,1.00E-06,7.721661055,0.82656961,1.00E-06,1.00E-06,1.00E-06,1.00E-06,1.00E-06,1.00E-06,1.00E-06
DRR212411,0.068057066,1.00E-06,1.00E-06,1.00E-06,1.00E-06,5.508437527,1.00E-06,1.00E-06,1.00E-06,1.00E-06,1.00E-06,1.00E-06,1.00E-06,1.00E-06
DRR212412,1.00E-06,1.00E-06,1.00E-06,1.00E-06,1.00E-06,5.527241404,1.00E-06,1.00E-06,0.008350165,1.00E-06,1.00E-06,1.00E-06,1.00E-06,1.00E-06
DRR212413,1.00E-06,1.00E-06,1.00E-06,1.00E-06,1.00E-06,6.49672684,1.00E-06,1.00E-06,1.00E-06,1.00E-06,0.237732941,1.00E-06,1.00E-06,1.00E-06
DRR212414,1.00E-06,1.00E-06,1.00E-06,1.00E-06,1.00E-06,3.774195288,1.00E-06,1.00E-06,1.00E-06,1.00E-06,1.00E-06,1.00E-06,1.00E-06,1.00E-06
DRR212415,1.00E-06,1.00E-06,1.00E-06,1.00E-06,1.00E-06,2.589884217,1.00E-06,0.121029402,1.00E-06,1.00E-06,1.00E-06,1.00E-06,1.00E-06,1.00E-06
DRR212416,1.00E-06,0.319188517,0.159594258,1.00E-06,1.00E-06,7.785220456,1.898094656,1.00E-06,1.00E-06,1.00E-06,1.00E-06,1.00E-06,1.00E-06,1.00E-06
DRR212417,1.00E-06,0.031266477,0.015633239,1.00E-06,1.00E-06,7.632651266,0.924197538,0.167375578,1.00E-06,1.00E-06,1.00E-06,1.00E-06,1.00E-06,1.00E-06
DRR212418,1.00E-06,1.00E-06,1.00E-06,1.00E-06,1.00E-06,30.37636652,10.0754571,1.00E-06,1.00E-06,1.00E-06,1.00E-06,1.00E-06,1.00E-06,1.00E-06
DRR212419,1.00E-06,1.00E-06,1.00E-06,1.00E-06,1.00E-06,22.2521846,9.314290775,1.00E-06,1.00E-06,1.00E-06,1.00E-06,1.00E-06,1.00E-06,1.00E-06
DRR212420,1.00E-06,1.00E-06,1.00E-06,1.00E-06,1.00E-06,17.29687299,6.483464884,1.00E-06,1.00E-06,1.00E-06,1.00E-06,1.00E-06,1.00E-06,1.00E-06
DRR212421,1.00E-06,1.00E-06,1.00E-06,1.00E-06,0.028816422,1.493793231,1.00E-06,1.00E-06,1.00E-06,1.00E-06,1.00E-06,0.053849685,1.00E-06,1.00E-06
DRR212422,1.00E-06,0.016269497,0.008134749,0.016163553,0.001879635,8.930672655,1.22767787,0.246731754,1.00E-06,1.00E-06,1.00E-06,1.00E-06,1.00E-06,1.00E-06
DRR212423,1.00E-06,0.206609058,0.103304529,1.00E-06,0.017094425,23.78443987,12.34973749,1.00E-06,0.050249082,1.00E-06,1.00E-06,0.266178243,1.00E-06,1.00E-06
DRR212424,0.896272665,0.887995286,0.443997643,1.00E-06,1.00E-06,38.47566882,17.83344175,0.06156196,0.12887767,1.00E-06,1.00E-06,1.00E-06,1.00E-06,1.00E-06
DRR212425,1.00E-06,0.931081005,0.465540503,1.00E-06,1.00E-06,19.73314033,7.232816622,1.00E-06,0.33270495,1.00E-06,1.00E-06,1.00E-06,1.00E-06,1.00E-06
DRR212426,1.00E-06,0.086500025,0.043250013,1.00E-06,1.00E-06,19.92395867,10.73795591,1.00E-06,0.008878985,1.00E-06,1.00E-06,0.193005711,0.036667064,1.00E-06
DRR212427,1.00E-06,1.00E-06,1.00E-06,1.00E-06,1.00E-06,16.32568641,6.054539303,0.011232082,1.00E-06,1.00E-06,1.00E-06,1.00E-06,1.00E-06,1.00E-06
DRR212428,0.035631221,1.189862877,0.594931439,1.00E-06,1.00E-06,24.40270751,8.439080258,1.00E-06,0.234851377,1.00E-06,1.00E-06,1.00E-06,1.00E-06,1.00E-06
DRR212429,1.00E-06,1.00E-06,1.00E-06,1.00E-06,1.00E-06,18.34379041,13.16398544,1.00E-06,0.019280713,1.00E-06,1.00E-06,0.022248134,1.00E-06,1.00E-06
DRR212430,1.00E-06,0.034810462,0.017405231,1.00E-06,1.00E-06,11.15800838,4.986911287,1.00E-06,1.00E-06,0.224123295,1.00E-06,1.00E-06,1.00E-06,1.00E-06
ERR2438157,1.00E-06,1.633042584,0.816521292,1.00E-06,1.00E-06,0.192810317,0.216406175,1.00E-06,1.00E-06,1.00E-06,0.046281476,1.00E-06,1.00E-06,1.00E-06
ERR2438159,1.00E-06,1.00E-06,1.00E-06,1.00E-06,1.00E-06,1.00E-06,0.218140643,1.00E-06,1.00E-06,1.00E-06,1.00E-06,0.045727496,1.00E-06,1.00E-06
ERR2438160,1.00E-06,0.29787859,0.148939295,1.00E-06,1.00E-06,1.00E-06,0.216416181,1.00E-06,1.00E-06,1.00E-06,0.065465276,1.00E-06,1.00E-06,1.00E-06
ERR2438161,1.00E-06,1.00E-06,1.00E-06,1.00E-06,1.00E-06,1.00E-06,0.2167082,1.00E-06,1.00E-06,1.00E-06,1.00E-06,0.062262355,1.00E-06,1.00E-06
ERR2438162,1.00E-06,1.00E-06,1.00E-06,1.00E-06,1.00E-06,1.00E-06,0.217147681,1.00E-06,1.00E-06,1.00E-06,1.00E-06,0.064223303,1.00E-06,1.00E-06
ERR2438163,1.00E-06,1.652818097,0.826409049,1.00E-06,1.00E-06,1.00E-06,0.218967748,1.00E-06,1.00E-06,1.00E-06,0.047939612,1.00E-06,1.00E-06,1.00E-06
ERR2438164,1.00E-06,1.206781964,0.603390982,1.00E-06,1.00E-06,1.00E-06,0.21555192,1.00E-06,1.00E-06,1.00E-06,0.049089327,1.00E-06,1.00E-06,1.00E-06
ERR2438165,1.00E-06,1.00E-06,1.00E-06,1.00E-06,1.00E-06,1.00E-06,0.216984051,1.00E-06,1.00E-06,1.00E-06,1.00E-06,0.06602969,1.00E-06,1.00E-06
ERR2438166,1.00E-06,1.00E-06,1.00E-06,1.00E-06,1.00E-06,1.00E-06,0.217517582,1.00E-06,1.00E-06,1.00E-06,0.048255026,1.00E-06,1.00E-06,1.00E-06
ERR2438167,1.00E-06,1.00E-06,1.00E-06,1.00E-06,1.00E-06,1.00E-06,0.216706527,1.00E-06,1.00E-06,1.00E-06,1.00E-06,0.056013457,1.00E-06,1.00E-06
ERR2438168,1.00E-06,1.00E-06,1.00E-06,1.00E-06,1.00E-06,1.00E-06,0.217582792,1.00E-06,1.00E-06,1.00E-06,0.060413679,1.00E-06,1.00E-06,1.00E-06
ERR2438169,1.00E-06,1.00E-06,1.00E-06,1.00E-06,1.00E-06,1.00E-06,0.121365037,1.00E-06,1.00E-06,1.00E-06,1.00E-06,0.049938533,1.00E-06,1.00E-06
ERR2438171,1.00E-06,1.00E-06,1.00E-06,1.00E-06,1.00E-06,1.00E-06,0.222618306,1.00E-06,1.00E-06,1.00E-06,1.00E-06,0.052759744,1.00E-06,1.00E-06
ERR2438172,1.00E-06,1.00E-06,1.00E-06,1.00E-06,1.00E-06,1.00E-06,0.057725327,1.00E-06,1.00E-06,1.00E-06,1.00E-06,0.068958603,1.00E-06,1.00E-06
ERR2438173,1.00E-06,1.00E-06,1.00E-06,1.00E-06,1.00E-06,1.00E-06,1.00E-06,1.00E-06,1.00E-06,1.00E-06,1.00E-06,0.04660528,1.00E-06,1.00E-06
ERR2438174,1.00E-06,0.916542759,0.458271379,1.00E-06,1.00E-06,1.00E-06,0.215295971,1.00E-06,1.00E-06,1.00E-06,1.00E-06,0.070993467,1.00E-06,1.00E-06
ERR2438175,1.00E-06,1.00E-06,1.00E-06,1.00E-06,1.00E-06,1.00E-06,1.00E-06,1.00E-06,1.00E-06,1.00E-06,1.00E-06,0.049997467,1.00E-06,1.00E-06
ERR2438176,1.00E-06,1.00E-06,1.00E-06,1.00E-06,1.00E-06,1.00E-06,0.217470294,1.00E-06,1.00E-06,1.00E-06,0.071792399,1.00E-06,1.00E-06,1.00E-06
ERR5691345,1.00E-06,1.00E-06,1.00E-06,1.00E-06,1.00E-06,1.00E-06,1.00E-06,1.00E-06,1.00E-06,1.00E-06,1.00E-06,1.00E-06,1.00E-06,1.00E-06
ERR5691346,1.00E-06,1.00E-06,1.00E-06,1.00E-06,1.00E-06,1.00E-06,1.00E-06,1.00E-06,1.00E-06,1.00E-06,1.00E-06,1.00E-06,1.00E-06,1.00E-06
ERR5691347,1.00E-06,1.00E-06,1.00E-06,1.00E-06,1.00E-06,1.00E-06,1.00E-06,1.00E-06,1.00E-06,1.00E-06,1.00E-06,1.00E-06,1.00E-06,1.00E-06
ERR5691351,0.045072545,1.00E-06,1.00E-06,1.00E-06,1.00E-06,1.00E-06,0.224706579,1.00E-06,1.00E-06,1.00E-06,1.00E-06,1.00E-06,1.00E-06,1.00E-06
ERR5691352,1.00E-06,1.00E-06,1.00E-06,1.00E-06,1.00E-06,1.00E-06,1.00E-06,1.00E-06,1.00E-06,1.00E-06,1.00E-06,1.00E-06,1.00E-06,1.00E-06
ERR5691353,1.00E-06,1.00E-06,1.00E-06,0.088218399,1.00E-06,1.00E-06,1.00E-06,1.00E-06,1.00E-06,1.00E-06,1.00E-06,1.00E-06,1.00E-06,1.00E-06
ERR5691357,1.00E-06,1.00E-06,1.00E-06,1.00E-06,1.00E-06,1.00E-06,0.226842688,1.00E-06,1.00E-06,1.00E-06,1.00E-06,1.00E-06,1.00E-06,1.00E-06
ERR5691358,1.00E-06,1.00E-06,1.00E-06,1.00E-06,1.00E-06,1.00E-06,0.22962963,1.00E-06,1.00E-06,1.00E-06,1.00E-06,1.00E-06,1.00E-06,1.00E-06
ERR5691359,1.00E-06,1.00E-06,1.00E-06,1.00E-06,1.00E-06,1.00E-06,0.167458644,1.00E-06,1.00E-06,1.00E-06,1.00E-06,1.00E-06,1.00E-06,1.00E-06
ERR5691363,1.00E-06,1.00E-06,1.00E-06,1.00E-06,1.00E-06,1.00E-06,1.00E-06,1.00E-06,1.00E-06,1.00E-06,1.00E-06,1.00E-06,1.00E-06,1.00E-06
ERR5691364,1.00E-06,1.00E-06,1.00E-06,1.00E-06,1.00E-06,1.00E-06,0.166071655,1.00E-06,1.00E-06,1.00E-06,1.00E-06,1.00E-06,1.00E-06,1.00E-06
ERR5691365,1.00E-06,1.00E-06,1.00E-06,0.088154212,1.00E-06,1.00E-06,1.00E-06,1.00E-06,1.00E-06,1.00E-06,1.00E-06,1.00E-06,1.00E-06,1.00E-06
ERR9791464,1.00E-06,1.00E-06,1.00E-06,1.00E-06,1.00E-06,1.00E-06,1.00E-06,1.00E-06,1.00E-06,1.00E-06,1.00E-06,1.00E-06,0.082502591,1.00E-06
ERR9791465,1.00E-06,1.00E-06,1.00E-06,1.00E-06,1.00E-06,1.00E-06,0.166187914,1.00E-06,1.00E-06,1.00E-06,1.00E-06,1.00E-06,1.00E-06,1.00E-06
ERR9791466,1.00E-06,1.00E-06,1.00E-06,1.00E-06,1.00E-06,1.00E-06,1.00E-06,1.00E-06,1.00E-06,1.00E-06,1.00E-06,1.00E-06,1.00E-06,1.00E-06
ERR9791467,1.00E-06,1.00E-06,1.00E-06,1.00E-06,1.00E-06,1.00E-06,1.00E-06,1.00E-06,1.00E-06,1.00E-06,1.00E-06,1.00E-06,1.00E-06,1.00E-06
ERR9791468,1.00E-06,1.00E-06,1.00E-06,1.00E-06,1.00E-06,1.00E-06,1.00E-06,1.00E-06,1.00E-06,1.00E-06,1.00E-06,1.00E-06,1.00E-06,1.00E-06
ERR9791469,1.00E-06,1.00E-06,1.00E-06,1.00E-06,1.00E-06,1.00E-06,1.00E-06,1.00E-06,1.00E-06,1.00E-06,1.00E-06,1.00E-06,1.00E-06,1.00E-06
ERR9791470,1.00E-06,1.00E-06,1.00E-06,1.00E-06,1.00E-06,0.525181803,0.165337875,1.00E-06,1.00E-06,1.00E-06,1.00E-06,1.00E-06,1.00E-06,1.00E-06
ERR9791471,1.00E-06,1.00E-06,1.00E-06,1.00E-06,1.00E-06,1.00E-06,0.165687866,1.00E-06,1.00E-06,1.00E-06,1.00E-06,1.00E-06,1.00E-06,1.00E-06
SRR11128231,1.00E-06,1.00E-06,1.00E-06,1.00E-06,1.00E-06,1.00E-06,1.00E-06,1.00E-06,1.00E-06,1.00E-06,0.034441404,1.00E-06,1.00E-06,1.00E-06
SRR11128232,1.00E-06,1.00E-06,1.00E-06,1.00E-06,1.00E-06,1.00E-06,0.477764448,1.00E-06,1.00E-06,1.00E-06,0.045410979,1.00E-06,0.028081997,1.00E-06
SRR11128233,1.00E-06,1.00E-06,1.00E-06,1.00E-06,1.00E-06,1.00E-06,1.00E-06,1.00E-06,1.00E-06,1.00E-06,1.00E-06,0.046890837,0.02853145,1.00E-06
SRR11128234,1.00E-06,1.00E-06,1.00E-06,1.00E-06,1.00E-06,1.00E-06,0.218606484,1.00E-06,1.00E-06,1.00E-06,0.045687791,1.00E-06,1.00E-06,1.00E-06
SRR11128235,0.068929426,1.00E-06,1.00E-06,1.00E-06,1.00E-06,1.00E-06,1.00E-06,1.00E-06,1.00E-06,1.00E-06,0.045835434,1.00E-06,1.00E-06,1.00E-06
SRR11128236,1.00E-06,1.00E-06,1.00E-06,1.00E-06,1.00E-06,1.00E-06,1.00E-06,1.00E-06,1.00E-06,1.00E-06,0.045785021,1.00E-06,1.00E-06,1.00E-06
SRR11128237,1.00E-06,1.00E-06,1.00E-06,1.00E-06,1.00E-06,1.00E-06,0.220535323,1.00E-06,1.00E-06,1.00E-06,0.047271341,1.00E-06,1.00E-06,1.00E-06
SRR11128238,1.00E-06,1.00E-06,1.00E-06,1.00E-06,1.00E-06,1.00E-06,1.00E-06,1.00E-06,1.00E-06,1.00E-06,1.00E-06,0.047018226,0.028059887,1.00E-06
SRR11128239,1.00E-06,1.00E-06,1.00E-06,1.00E-06,1.00E-06,1.00E-06,1.00E-06,1.00E-06,1.00E-06,1.00E-06,1.00E-06,0.04784751,0.02803136,1.00E-06
SRR11128240,1.00E-06,1.00E-06,1.00E-06,1.00E-06,1.00E-06,1.00E-06,1.00E-06,1.00E-06,1.00E-06,1.00E-06,0.046933337,1.00E-06,1.00E-06,1.00E-06
SRR11128241,1.00E-06,1.00E-06,1.00E-06,1.00E-06,1.00E-06,0.314596169,1.00E-06,1.00E-06,1.00E-06,1.00E-06,0.046400677,1.00E-06,0.02922999,1.00E-06
SRR11128242,1.00E-06,1.00E-06,1.00E-06,1.00E-06,1.00E-06,1.512685782,1.00E-06,1.00E-06,1.00E-06,1.00E-06,1.00E-06,0.046914265,0.029721752,1.00E-06
SRR11128243,1.00E-06,1.00E-06,1.00E-06,1.00E-06,1.00E-06,1.00E-06,1.00E-06,1.00E-06,1.00E-06,1.00E-06,0.046982871,1.00E-06,1.00E-06,1.00E-06
SRR11128244,1.00E-06,1.00E-06,1.00E-06,1.00E-06,1.00E-06,1.00E-06,1.00E-06,1.00E-06,1.00E-06,1.00E-06,1.00E-06,0.046707413,0.029667767,1.00E-06
SRR11128245,1.00E-06,1.00E-06,1.00E-06,1.00E-06,1.00E-06,1.00E-06,1.00E-06,1.00E-06,1.00E-06,1.00E-06,0.041531092,1.00E-06,1.00E-06,1.00E-06
SRR11128246,1.00E-06,1.00E-06,1.00E-06,1.00E-06,1.00E-06,1.00E-06,1.00E-06,1.00E-06,1.00E-06,1.00E-06,0.051989572,1.00E-06,0.031804545,1.00E-06
SRR11128247,1.00E-06,1.00E-06,1.00E-06,1.00E-06,1.00E-06,1.00E-06,1.00E-06,1.00E-06,1.00E-06,1.00E-06,0.091888391,1.00E-06,0.0306061,1.00E-06
SRR11128248,1.00E-06,1.00E-06,1.00E-06,1.00E-06,1.00E-06,1.00E-06,0.218625018,1.00E-06,1.00E-06,1.00E-06,0.046137449,1.00E-06,1.00E-06,1.00E-06
SRR11128249,1.00E-06,1.00E-06,1.00E-06,1.00E-06,1.00E-06,1.00E-06,1.00E-06,1.00E-06,1.00E-06,1.00E-06,1.00E-06,0.046691238,0.029686186,1.00E-06
SRR11128250,1.00E-06,1.00E-06,1.00E-06,1.00E-06,1.00E-06,1.00E-06,1.00E-06,1.00E-06,1.00E-06,1.00E-06,0.009098626,0.038362802,0.028040972,1.00E-06
SRR11128251,1.00E-06,1.00E-06,1.00E-06,1.00E-06,1.00E-06,1.00E-06,1.00E-06,1.00E-06,1.00E-06,1.00E-06,1.00E-06,0.045239178,1.00E-06,1.00E-06
SRR11128252,1.00E-06,1.00E-06,1.00E-06,1.00E-06,1.00E-06,1.00E-06,1.00E-06,1.00E-06,1.00E-06,1.00E-06,1.00E-06,0.046707607,0.029669117,1.00E-06
SRR11128253,1.00E-06,1.00E-06,1.00E-06,1.00E-06,1.00E-06,1.00E-06,1.00E-06,1.00E-06,1.00E-06,1.00E-06,0.046669067,1.00E-06,1.00E-06,1.00E-06
SRR11128254,1.00E-06,1.00E-06,1.00E-06,1.00E-06,1.00E-06,1.00E-06,0.220799555,1.00E-06,0.008114399,1.00E-06,1.00E-06,0.046828867,0.029810206,1.00E-06
SRR11128255,1.00E-06,1.00E-06,1.00E-06,1.00E-06,1.00E-06,1.00E-06,1.00E-06,1.00E-06,1.00E-06,1.00E-06,0.045575246,1.00E-06,0.028040017,1.00E-06
SRR11128256,1.00E-06,1.00E-06,1.00E-06,1.00E-06,1.00E-06,1.00E-06,0.218411368,1.00E-06,1.00E-06,1.00E-06,0.04525161,1.00E-06,0.028041014,1.00E-06
SRR11128257,1.00E-06,1.00E-06,1.00E-06,1.00E-06,1.00E-06,1.00E-06,0.22011728,1.00E-06,1.00E-06,1.00E-06,0.046760029,1.00E-06,0.02971466,1.00E-06
SRR11128258,1.00E-06,1.00E-06,1.00E-06,1.00E-06,1.00E-06,1.00E-06,0.218197473,1.00E-06,1.00E-06,1.00E-06,0.04528536,1.00E-06,0.028038003,1.00E-06
SRR11128259,1.00E-06,1.00E-06,1.00E-06,1.00E-06,1.00E-06,1.00E-06,0.218575506,1.00E-06,1.00E-06,1.00E-06,0.045508434,1.00E-06,0.028246411,1.00E-06
SRR11128260,1.00E-06,1.00E-06,1.00E-06,1.00E-06,1.00E-06,1.00E-06,0.218890991,1.00E-06,1.00E-06,1.00E-06,0.045683176,1.00E-06,1.00E-06,1.00E-06
SRR18156375,1.00E-06,1.00E-06,1.00E-06,1.00E-06,1.00E-06,1.00E-06,1.00E-06,1.00E-06,1.00E-06,1.00E-06,1.00E-06,1.00E-06,1.00E-06,1.00E-06
SRR18156376,1.00E-06,1.00E-06,1.00E-06,1.00E-06,1.00E-06,1.00E-06,1.00E-06,1.00E-06,1.00E-06,1.00E-06,1.00E-06,1.00E-06,1.00E-06,1.00E-06
SRR18156377,1.00E-06,1.00E-06,1.00E-06,1.00E-06,1.00E-06,9.92518849,1.00E-06,1.00E-06,1.00E-06,1.00E-06,1.00E-06,1.00E-06,1.00E-06,1.00E-06
SRR18156378,1.00E-06,1.00E-06,1.00E-06,1.00E-06,1.00E-06,1.00E-06,1.00E-06,1.00E-06,1.00E-06,1.00E-06,1.00E-06,1.00E-06,1.00E-06,1.00E-06
SRR18156379,1.00E-06,1.00E-06,1.00E-06,1.00E-06,1.00E-06,6.914793061,1.991048248,1.00E-06,1.00E-06,1.00E-06,1.00E-06,1.00E-06,1.00E-06,1.00E-06
SRR18156380,2.557230166,1.00E-06,1.00E-06,1.00E-06,1.00E-06,5.085543836,9.190682484,1.00E-06,1.00E-06,1.00E-06,1.00E-06,1.00E-06,1.00E-06,1.00E-06
SRR18156383,1.00E-06,1.00E-06,1.00E-06,1.00E-06,1.00E-06,1.00E-06,1.00E-06,1.00E-06,1.00E-06,1.00E-06,1.00E-06,1.00E-06,1.00E-06,1.00E-06
SRR18156384,1.00E-06,1.00E-06,1.00E-06,1.00E-06,1.00E-06,1.00E-06,1.00E-06,1.00E-06,1.00E-06,1.00E-06,1.00E-06,1.00E-06,1.00E-06,1.00E-06
SRR18156385,1.00E-06,1.00E-06,1.00E-06,0.27778616,1.00E-06,1.00E-06,1.00E-06,1.00E-06,1.00E-06,1.00E-06,1.00E-06,1.00E-06,1.00E-06,1.00E-06
SRR18156386,1.00E-06,1.00E-06,1.00E-06,1.00E-06,1.00E-06,1.00E-06,1.00E-06,1.00E-06,1.00E-06,1.00E-06,1.00E-06,1.00E-06,1.00E-06,1.00E-06
SRR19820311,1.00E-06,1.00E-06,1.00E-06,1.00E-06,1.00E-06,1.00E-06,1.00E-06,1.00E-06,1.00E-06,1.00E-06,1.00E-06,1.00E-06,1.00E-06,1.00E-06
SRR19820312,1.00E-06,0.57763641,0.288818205,1.00E-06,0.342898417,19.09155518,5.518098151,1.00E-06,1.00E-06,1.00E-06,0.018646078,1.00E-06,1.00E-06,1.00E-06
SRR19820313,1.00E-06,1.00E-06,1.00E-06,1.00E-06,0.102168399,0.659490828,0.054306424,1.00E-06,0.010805255,1.00E-06,1.00E-06,1.00E-06,1.00E-06,1.00E-06
SRR19820314,1.00E-06,1.00E-06,1.00E-06,1.00E-06,1.00E-06,1.00E-06,1.00E-06,1.00E-06,1.00E-06,1.00E-06,1.00E-06,1.00E-06,0.27729242,1.00E-06
SRR19820319,1.00E-06,1.00E-06,1.00E-06,1.00E-06,0.020747712,1.00E-06,1.00E-06,1.00E-06,0.018146421,1.00E-06,1.00E-06,1.00E-06,1.00E-06,1.00E-06
SRR19820330,1.00E-06,1.00E-06,1.00E-06,1.00E-06,1.00E-06,1.00E-06,1.00E-06,0.047722489,1.00E-06,1.00E-06,0.072681263,1.00E-06,0.148113377,1.00E-06
SRR19820341,1.00E-06,1.00E-06,1.00E-06,1.00E-06,1.00E-06,1.00E-06,1.00E-06,1.00E-06,1.00E-06,1.00E-06,1.00E-06,1.00E-06,1.00E-06,1.00E-06
SRR19820352,1.00E-06,1.28E-05,1.00E-06,1.00E-06,1.00E-06,1.00E-06,0.396903745,1.00E-06,1.00E-06,1.00E-06,1.00E-06,1.00E-06,1.00E-06,1.00E-06
SRR19820361,1.00E-06,0.617933052,1.00E-06,1.00E-06,1.00E-06,62.32632711,35.59367536,1.00E-06,1.00E-06,1.00E-06,1.00E-06,0.624852688,1.00E-06,1.00E-06
SRR19820362,1.00E-06,1.00E-06,1.00E-06,1.00E-06,0.095102108,1.00E-06,1.00E-06,1.00E-06,1.00E-06,1.00E-06,1.00E-06,0.014053491,1.00E-06,1.00E-06
SRR19820363,1.00E-06,1.00E-06,1.00E-06,1.00E-06,1.00E-06,1.00E-06,1.00E-06,1.00E-06,1.00E-06,1.00E-06,1.00E-06,1.00E-06,1.00E-06,1.00E-06
SRR19820364,1.00E-06,1.00E-06,1.00E-06,1.00E-06,1.00E-06,1.00E-06,1.00E-06,1.00E-06,1.00E-06,1.00E-06,1.00E-06,1.00E-06,1.00E-06,1.00E-06
SRR20999497,1.00E-06,1.00E-06,1.00E-06,1.00E-06,1.00E-06,1.00E-06,8.541014455,1.00E-06,1.00E-06,1.00E-06,1.00E-06,1.00E-06,1.00E-06,1.00E-06
SRR20999498,1.00E-06,1.00E-06,1.00E-06,1.00E-06,1.00E-06,12.85696154,7.222681133,1.00E-06,1.00E-06,1.00E-06,1.00E-06,1.00E-06,0.747160525,1.00E-06
SRR20999500,1.00E-06,1.00E-06,1.00E-06,1.00E-06,0.174922515,17.00845563,5.471721137,1.00E-06,1.00E-06,1.00E-06,1.00E-06,1.00E-06,1.00E-06,1.00E-06
SRR20999501,1.00E-06,0.090620752,1.00E-06,1.00E-06,0.244766663,20.48029,1.969538409,1.00E-06,1.00E-06,1.00E-06,1.00E-06,1.00E-06,0.373761814,1.00E-06
SRR20999502,1.00E-06,1.086525255,0.543262627,1.00E-06,1.00E-06,1.00E-06,1.00E-06,1.00E-06,1.00E-06,1.00E-06,1.00E-06,1.00E-06,1.00E-06,1.00E-06
SRR20999503,1.00E-06,1.00E-06,1.00E-06,1.00E-06,1.00E-06,1.00E-06,1.00E-06,1.00E-06,1.00E-06,1.00E-06,1.00E-06,1.00E-06,1.00E-06,1.00E-06
SRR20999504,1.00E-06,1.00E-06,1.00E-06,1.00E-06,1.00E-06,4.423504659,1.00E-06,1.00E-06,1.00E-06,1.00E-06,1.00E-06,1.00E-06,1.00E-06,1.00E-06
SRR20999513,1.00E-06,1.00E-06,1.00E-06,1.00E-06,1.00E-06,0.147641619,2.81947402,1.00E-06,1.00E-06,1.00E-06,1.00E-06,1.00E-06,1.00E-06,1.00E-06
SRR20999514,1.00E-06,1.00E-06,1.00E-06,1.00E-06,1.00E-06,2.285146547,1.00E-06,1.00E-06,1.00E-06,1.00E-06,0.295450752,1.00E-06,0.028560423,1.00E-06
SRR20999515,1.00E-06,1.00E-06,1.00E-06,1.00E-06,1.00E-06,4.450676069,1.00E-06,0.181105462,1.00E-06,1.00E-06,0.043122439,1.00E-06,1.00E-06,1.00E-06
SRR20999516,1.00E-06,1.00E-06,1.00E-06,1.00E-06,1.00E-06,6.460009465,11.05961787,1.00E-06,1.00E-06,1.00E-06,1.00E-06,1.00E-06,0.543506444,1.00E-06
SRR20999517,1.00E-06,1.00E-06,1.00E-06,1.00E-06,1.00E-06,11.56590928,1.383076177,1.00E-06,1.00E-06,1.00E-06,1.00E-06,1.00E-06,0.413027076,1.00E-06
SRR20999518,1.00E-06,1.00E-06,1.00E-06,1.00E-06,1.00E-06,22.68619508,5.181662894,1.00E-06,1.00E-06,1.00E-06,1.00E-06,1.00E-06,1.00E-06,1.00E-06
SRR20999519,1.00E-06,1.00E-06,1.00E-06,1.00E-06,1.00E-06,1.00E-06,1.00E-06,1.00E-06,1.00E-06,1.00E-06,1.00E-06,0.070255698,1.00E-06,1.00E-06
SRR21232869,1.00E-06,1.00E-06,1.00E-06,1.00E-06,1.00E-06,1.00E-06,1.00E-06,1.00E-06,1.00E-06,1.00E-06,1.00E-06,0.056452334,1.00E-06,1.00E-06
SRR21232870,1.00E-06,1.00E-06,1.00E-06,1.00E-06,1.00E-06,1.00E-06,0.218677004,1.00E-06,1.00E-06,1.00E-06,1.00E-06,0.049184113,1.00E-06,1.00E-06
SRR21232871,1.00E-06,1.00E-06,1.00E-06,1.00E-06,1.00E-06,1.00E-06,0.216838961,1.00E-06,1.00E-06,1.00E-06,0.047623798,1.00E-06,1.00E-06,1.00E-06
SRR21232872,1.00E-06,1.00E-06,1.00E-06,1.00E-06,1.00E-06,1.00E-06,0.218541535,1.00E-06,1.00E-06,1.00E-06,0.044913406,1.00E-06,1.00E-06,1.00E-06
SRR21232873,1.00E-06,1.00E-06,1.00E-06,1.00E-06,1.00E-06,1.00E-06,0.217688847,1.00E-06,1.00E-06,1.00E-06,0.045746812,1.00E-06,1.00E-06,1.00E-06
SRR21232874,1.00E-06,1.00E-06,1.00E-06,1.00E-06,1.00E-06,1.00E-06,0.218333351,1.00E-06,1.00E-06,1.00E-06,1.00E-06,0.046703014,1.00E-06,1.00E-06
SRR21232875,1.00E-06,1.00E-06,1.00E-06,1.00E-06,1.00E-06,1.00E-06,0.218009281,1.00E-06,1.00E-06,1.00E-06,0.046535011,1.00E-06,1.00E-06,1.00E-06
SRR21232876,1.00E-06,1.00E-06,1.00E-06,1.00E-06,1.00E-06,1.00E-06,0.21766356,1.00E-06,1.00E-06,1.00E-06,0.045574835,1.00E-06,1.00E-06,1.00E-06
SRR21232877,1.00E-06,1.00E-06,1.00E-06,1.00E-06,1.00E-06,1.00E-06,0.217749497,1.00E-06,1.00E-06,1.00E-06,1.00E-06,1.00E-06,1.00E-06,1.00E-06
SRR21232878,1.00E-06,1.00E-06,1.00E-06,1.00E-06,1.00E-06,1.00E-06,0.216151631,1.00E-06,1.00E-06,1.00E-06,0.045102211,1.00E-06,1.00E-06,1.00E-06
SRR21232879,1.00E-06,1.00E-06,1.00E-06,1.00E-06,1.00E-06,1.00E-06,0.21735094,1.00E-06,1.00E-06,1.00E-06,1.00E-06,1.00E-06,1.00E-06,1.00E-06
SRR21232880,1.00E-06,1.00E-06,1.00E-06,1.00E-06,1.00E-06,1.00E-06,0.217410637,1.00E-06,1.00E-06,1.00E-06,0.050543852,1.00E-06,1.00E-06,1.00E-06
SRR21232881,1.00E-06,1.00E-06,1.00E-06,1.00E-06,1.00E-06,1.00E-06,0.216438894,1.00E-06,1.00E-06,1.00E-06,0.048958891,1.00E-06,1.00E-06,1.00E-06
SRR21232882,1.00E-06,1.00E-06,1.00E-06,1.00E-06,1.00E-06,1.00E-06,0.216975959,1.00E-06,1.00E-06,1.00E-06,1.00E-06,0.048309677,1.00E-06,1.00E-06
SRR21232883,1.00E-06,1.00E-06,1.00E-06,1.00E-06,1.00E-06,1.00E-06,0.217155767,1.00E-06,1.00E-06,1.00E-06,0.047514758,1.00E-06,1.00E-06,1.00E-06
SRR21232884,1.00E-06,1.00E-06,1.00E-06,1.00E-06,1.00E-06,1.00E-06,0.21710961,1.00E-06,1.00E-06,1.00E-06,1.00E-06,0.049047548,1.00E-06,1.00E-06
SRR21232885,1.00E-06,1.00E-06,1.00E-06,1.00E-06,1.00E-06,1.00E-06,0.218041753,1.00E-06,1.00E-06,1.00E-06,1.00E-06,0.045013705,1.00E-06,1.00E-06
SRR21232886,1.00E-06,1.00E-06,1.00E-06,1.00E-06,1.00E-06,1.00E-06,0.217750202,1.00E-06,1.00E-06,1.00E-06,1.00E-06,0.015375073,1.00E-06,1.00E-06
SRR21232887,1.00E-06,1.00E-06,1.00E-06,1.00E-06,1.00E-06,1.00E-06,0.216668739,1.00E-06,1.00E-06,1.00E-06,0.045510544,1.00E-06,1.00E-06,1.00E-06
SRR21232888,1.00E-06,1.00E-06,1.00E-06,1.00E-06,1.00E-06,1.00E-06,0.217953177,1.00E-06,1.00E-06,1.00E-06,1.00E-06,0.045088432,1.00E-06,1.00E-06
SRR21232889,1.00E-06,1.00E-06,1.00E-06,1.00E-06,1.00E-06,1.00E-06,0.217052441,1.00E-06,1.00E-06,1.00E-06,0.048478872,1.00E-06,1.00E-06,1.00E-06
SRR21232890,1.00E-06,1.00E-06,1.00E-06,1.00E-06,1.00E-06,1.00E-06,0.217022643,1.00E-06,1.00E-06,1.00E-06,0.048607971,1.00E-06,1.00E-06,1.00E-06
SRR21232891,1.00E-06,1.00E-06,1.00E-06,1.00E-06,1.00E-06,1.00E-06,0.217077326,1.00E-06,1.00E-06,1.00E-06,0.050677475,1.00E-06,1.00E-06,1.00E-06
SRR21232892,1.00E-06,1.00E-06,1.00E-06,1.00E-06,1.00E-06,1.00E-06,0.217410075,1.00E-06,1.00E-06,1.00E-06,1.00E-06,0.048985136,1.00E-06,1.00E-06
SRR9277302,1.00E-06,1.00E-06,1.00E-06,1.00E-06,1.00E-06,1.00E-06,0.229653536,1.00E-06,1.00E-06,1.00E-06,0.057106541,1.00E-06,1.00E-06,1.00E-06
SRR9277303,1.00E-06,1.00E-06,1.00E-06,1.00E-06,1.00E-06,1.00E-06,1.00E-06,1.00E-06,1.00E-06,1.00E-06,0.055289035,1.00E-06,1.00E-06,1.00E-06
SRR9277304,1.00E-06,1.00E-06,1.00E-06,1.00E-06,1.00E-06,2.581135904,0.224545837,1.00E-06,1.00E-06,1.00E-06,1.00E-06,0.047039035,1.00E-06,1.00E-06
SRR9277305,1.00E-06,1.00E-06,1.00E-06,1.00E-06,1.00E-06,1.00E-06,0.229066999,1.00E-06,1.00E-06,1.00E-06,0.050149935,1.00E-06,1.00E-06,1.00E-06
SRR9277306,1.00E-06,1.00E-06,1.00E-06,1.00E-06,1.00E-06,1.00E-06,0.224947651,1.00E-06,1.00E-06,1.00E-06,1.00E-06,0.05198258,1.00E-06,1.00E-06
SRR9277307,1.00E-06,1.00E-06,1.00E-06,1.00E-06,1.00E-06,1.00E-06,0.222065566,1.00E-06,1.00E-06,1.00E-06,0.052831739,1.00E-06,1.00E-06,1.00E-06
SRR9277308,1.00E-06,1.00E-06,1.00E-06,1.00E-06,1.00E-06,1.00E-06,0.222458474,1.00E-06,1.00E-06,1.00E-06,0.050941592,1.00E-06,1.00E-06,1.00E-06
SRR9277312,1.00E-06,1.00E-06,1.00E-06,1.00E-06,1.00E-06,1.00E-06,0.218853213,1.00E-06,1.00E-06,1.00E-06,0.047570002,1.00E-06,1.00E-06,1.00E-06
SRR9277313,1.00E-06,1.00E-06,1.00E-06,1.00E-06,1.00E-06,1.00E-06,0.221519628,1.00E-06,1.00E-06,1.00E-06,1.00E-06,0.066478301,1.00E-06,1.00E-06
SRR9277314,1.00E-06,1.00E-06,1.00E-06,0.031760586,1.00E-06,1.00E-06,1.00E-06,1.00E-06,1.00E-06,1.00E-06,1.00E-06,0.045347116,1.00E-06,1.00E-06
SRR9277315,0.187342813,1.00E-06,1.00E-06,1.00E-06,1.00E-06,19.86355061,12.72603577,1.00E-06,1.00E-06,1.00E-06,1.00E-06,1.00E-06,1.00E-06,1.00E-06
SRR9277316,1.00E-06,1.00E-06,1.00E-06,1.00E-06,1.00E-06,1.00E-06,1.00E-06,1.00E-06,1.00E-06,1.00E-06,0.057165772,1.00E-06,1.00E-06,1.00E-06
SRR9277317,1.00E-06,1.00E-06,1.00E-06,1.00E-06,1.00E-06,1.00E-06,0.002920561,1.00E-06,1.00E-06,1.00E-06,1.00E-06,1.00E-06,1.00E-06,1.00E-06
SRR9277318,1.00E-06,1.00E-06,1.00E-06,1.00E-06,1.00E-06,9.864364982,1.00E-06,1.00E-06,1.00E-06,1.00E-06,1.00E-06,1.00E-06,1.00E-06,1.00E-06
SRR9277319,1.00E-06,1.00E-06,1.00E-06,1.00E-06,1.00E-06,1.00E-06,1.00E-06,1.00E-06,1.00E-06,1.00E-06,0.047209789,1.00E-06,0.030689212,1.00E-06
SRR9277321,1.00E-06,1.00E-06,1.00E-06,1.00E-06,1.00E-06,1.00E-06,0.080392779,1.00E-06,1.00E-06,1.00E-06,1.00E-06,1.00E-06,1.00E-06,1.00E-06
SRR9277322,1.00E-06,1.00E-06,1.00E-06,1.00E-06,1.00E-06,1.00E-06,0.02322081,1.00E-06,1.00E-06,1.00E-06,1.00E-06,1.00E-06,1.00E-06,1.00E-06
SRR9277327,1.00E-06,1.00E-06,1.00E-06,1.00E-06,1.00E-06,1.00E-06,1.00E-06,1.00E-06,1.00E-06,1.00E-06,0.073575082,1.00E-06,1.00E-06,1.00E-06
SRR9277328,1.00E-06,0.463956018,0.231978009,1.00E-06,1.00E-06,4.849796874,1.00E-06,1.00E-06,1.00E-06,1.00E-06,1.00E-06,0.054841482,1.00E-06,1.00E-06
SRR9277331,1.00E-06,1.00E-06,1.00E-06,1.00E-06,1.00E-06,1.00E-06,1.00E-06,1.00E-06,1.00E-06,1.00E-06,1.00E-06,1.00E-06,1.00E-06,1.00E-06
SRR9277332,1.00E-06,1.00E-06,1.00E-06,1.00E-06,1.00E-06,1.00E-06,0.170211146,1.00E-06,1.00E-06,1.00E-06,0.056339187,1.00E-06,1.00E-06,1.00E-06
SRR9277333,1.00E-06,1.00E-06,1.00E-06,1.00E-06,1.00E-06,1.00E-06,0.223240464,1.00E-06,1.00E-06,1.00E-06,0.050390638,1.00E-06,1.00E-06,1.00E-06
SRR9277334,1.00E-06,1.00E-06,1.00E-06,1.00E-06,1.00E-06,1.00E-06,1.00E-06,1.00E-06,1.00E-06,1.00E-06,1.00E-06,1.00E-06,1.00E-06,0.002228465
SRR9277335,1.00E-06,1.00E-06,1.00E-06,1.00E-06,1.00E-06,1.00E-06,0.229650727,1.00E-06,1.00E-06,1.00E-06,1.00E-06,0.052281549,1.00E-06,1.00E-06
SRR9277336,1.00E-06,1.00E-06,1.00E-06,1.00E-06,1.00E-06,1.00E-06,1.00E-06,1.00E-06,1.00E-06,1.00E-06,1.00E-06,0.082588391,1.00E-06,1.00E-06
SRR9277337,1.00E-06,1.00E-06,1.00E-06,1.00E-06,1.00E-06,1.00E-06,0.085399353,1.00E-06,1.00E-06,1.00E-06,1.00E-06,1.00E-06,1.00E-06,1.00E-06
SRR9277338,1.00E-06,1.00E-06,1.00E-06,1.00E-06,1.00E-06,1.00E-06,0.224527376,1.00E-06,1.00E-06,1.00E-06,0.048994602,1.00E-06,1.00E-06,1.00E-06
ERR2438158,1.00E-06,1.00E-06,1.00E-06,1.00E-06,1.00E-06,1.00E-06,1.00E-06,1.00E-06,1.00E-06,1.00E-06,1.00E-06,1.00E-06,1.00E-06,1.00E-06
ERR2438170,1.00E-06,1.00E-06,1.00E-06,1.00E-06,1.00E-06,1.00E-06,1.00E-06,1.00E-06,1.00E-06,1.00E-06,1.00E-06,1.00E-06,1.00E-06,1.00E-06