SampleID,so3_m,tma_m,h2s_m,nac_m,ppi_m,pac_m,h_m,mqn7_m,h2o_m,tmao_m,acerA_m,mnl_m,ppa_m,4hbz_m,tmao_m,ura_m,tsul_m,thymd_m,so4_m,apio_D_m
DRR212401,1.024528786,0.80927603,1.00E-06,0.095002738,1.00E-06,0.045210636,1.00E-06,125.933483,7.68431351,1.00E-06,1.00E-06,1.00E-06,1.00E-06,1.00E-06,1.00E-06,0.094748904,1.00E-06,0.021337872,1.00E-06,1.00E-06
DRR212402,9.212926989,15.4819463,6.467294785,0.135909446,1.00E-06,0.100735489,5.033304997,159.7572266,1.00E-06,1.00E-06,1.00E-06,1.00E-06,1.00E-06,0.200272596,1.00E-06,0.066710974,1.00E-06,0.131838004,1.00E-06,1.00E-06
DRR212403,10.76030212,10.53133397,1.00E-06,0.094891285,1.00E-06,0.063193742,1.00E-06,66.69844847,3.194295695,1.00E-06,1.00E-06,1.00E-06,1.00E-06,1.00E-06,1.00E-06,1.00E-06,1.00E-06,0.127812345,1.00E-06,1.00E-06
DRR212404,1.895554554,1.648416343,1.00E-06,0.094856235,1.00E-06,1.00E-06,1.00E-06,13.12845873,19.43824612,1.00E-06,1.00E-06,1.00E-06,1.00E-06,1.00E-06,1.00E-06,0.08577673,1.00E-06,1.00E-06,1.00E-06,1.00E-06
DRR212405,0.47303037,1.234044194,1.00E-06,0.095023365,1.00E-06,1.00E-06,1.00E-06,31.92801657,26.45736798,1.00E-06,1.00E-06,1.00E-06,1.00E-06,1.00E-06,1.00E-06,0.083215536,1.00E-06,1.00E-06,0.915570585,1.00E-06
DRR212406,2.146251877,5.419863448,1.00E-06,0.19591752,3.03E-05,0.061777852,1.00E-06,91.39637889,13.40242204,1.00E-06,1.00E-06,1.00E-06,1.00E-06,1.00E-06,1.00E-06,1.00E-06,1.00E-06,0.239396513,3.461284722,1.00E-06
DRR212407,0.765798798,3.053840536,1.00E-06,0.096064854,0.000154977,1.00E-06,1.00E-06,38.30205532,12.20091332,1.00E-06,1.00E-06,0.321893601,1.00E-06,1.00E-06,1.00E-06,1.00E-06,1.00E-06,0.139085267,2.443371189,1.00E-06
DRR212408,2.929135885,4.965034965,1.00E-06,0.196079722,7.71E-05,0.091152156,1.00E-06,121.0909091,10.01831264,1.00E-06,1.00E-06,0.624536852,1.00E-06,1.00E-06,1.00E-06,1.00E-06,1.00E-06,0.076174915,2.269704639,1.00E-06
DRR212409,6.002886628,5.865695793,1.00E-06,0.095870277,2.26E-05,0.070093209,1.00E-06,85.20786169,14.71788566,1.00E-06,1.00E-06,0.186977195,1.00E-06,0.637514604,1.00E-06,1.00E-06,1.00E-06,0.141214928,1.00E-06,1.00E-06
DRR212410,1.880507199,7.721661055,0.82656961,0.096332079,1.00E-06,1.00E-06,1.00E-06,105.0056117,1.00E-06,1.00E-06,1.00E-06,1.00E-06,1.00E-06,1.00E-06,1.00E-06,0.120584019,1.00E-06,1.00E-06,5.238376461,1.00E-06
DRR212411,2.937955365,5.508437527,1.00E-06,0.196321564,1.00E-06,1.00E-06,13.98277969,55.12758994,6.109464423,1.00E-06,1.00E-06,1.00E-06,1.00E-06,1.00E-06,1.00E-06,1.00E-06,1.00E-06,0.121129528,2.794295426,1.00E-06
DRR212412,2.455066101,5.527241404,1.00E-06,0.196335602,1.00E-06,0.112330799,1.00E-06,82.59995694,5.094434855,1.00E-06,1.00E-06,0.608443967,1.00E-06,1.00E-06,1.00E-06,1.00E-06,1.00E-06,0.120829652,3.27933244,1.00E-06
DRR212413,6.698694207,6.49672684,1.00E-06,0.19635309,1.00E-06,1.00E-06,22.77551864,95.86271757,6.276228256,1.00E-06,1.00E-06,1.00E-06,1.00E-06,0.237732941,1.00E-06,1.00E-06,1.00E-06,0.119933337,1.00E-06,1.00E-06
DRR212414,1.171295273,3.774195288,1.00E-06,0.096321051,1.00E-06,1.00E-06,122.6060705,99.12792748,6.882056016,1.00E-06,1.00E-06,1.00E-06,1.00E-06,1.00E-06,1.00E-06,1.00E-06,1.00E-06,0.221121104,2.826704207,1.00E-06
DRR212415,1.227238201,2.589884217,1.00E-06,0.096808352,1.00E-06,1.00E-06,1.00E-06,59.36420882,3.259197291,1.00E-06,1.00E-06,1.00E-06,1.00E-06,1.00E-06,1.00E-06,0.114592197,1.00E-06,1.00E-06,1.585111433,1.00E-06
DRR212416,1.00E-06,7.785220456,1.898094656,0.194922671,1.00E-06,0.063121298,1.00E-06,935.8392046,1.00E-06,1.00E-06,1.00E-06,1.00E-06,1.00E-06,1.00E-06,1.00E-06,1.00E-06,1.00E-06,0.110486578,6.576704039,1.00E-06
DRR212417,1.00E-06,7.632651266,0.924197538,0.095087731,1.00E-06,0.166412095,1.00E-06,960.9633215,1.00E-06,1.00E-06,1.00E-06,1.00E-06,1.00E-06,1.00E-06,1.00E-06,0.182231785,1.00E-06,0.025847787,7.01341326,1.00E-06
DRR212418,1.00E-06,30.37636652,10.0754571,0.196007559,1.00E-06,0.315605944,1.00E-06,827.0430775,1.00E-06,1.00E-06,1.00E-06,1.00E-06,0.329452598,1.00E-06,1.00E-06,0.185698714,1.00E-06,0.014086349,20.49913358,1.00E-06
DRR212419,1.00E-06,22.2521846,9.314290775,0.196167883,1.00E-06,0.192591506,1.00E-06,833.9022392,3.842219232,1.00E-06,1.00E-06,1.00E-06,1.00E-06,1.00E-06,1.00E-06,1.00E-06,1.00E-06,0.098780882,13.19179855,1.00E-06
DRR212420,1.00E-06,17.29687299,6.483464884,0.094858678,1.00E-06,0.168604745,1.00E-06,800.9216989,1.00E-06,1.00E-06,1.00E-06,1.00E-06,1.00E-06,1.00E-06,1.00E-06,1.00E-06,1.00E-06,0.113493594,11.02480412,1.00E-06
DRR212421,0.461729065,1.493793231,1.00E-06,0.095703221,1.00E-06,0.031556956,1.00E-06,889.1300416,1.21433526,1.00E-06,1.00E-06,1.00E-06,1.00E-06,1.00E-06,1.00E-06,0.197417466,1.00E-06,0.001369723,1.251151456,1.00E-06
DRR212422,1.00E-06,8.930672655,1.22767787,0.094888335,1.00E-06,0.154039314,76.77143894,917.9110332,1.00E-06,0.01236043,1.00E-06,1.00E-06,1.00E-06,1.00E-06,0.01236043,1.00E-06,1.00E-06,0.112475476,8.036217996,1.00E-06
DRR212423,1.00E-06,23.78443987,12.34973749,0.195543009,1.00E-06,0.032771231,26.09235011,867.9588541,1.00E-06,1.00E-06,1.00E-06,1.00E-06,1.388125858,1.00E-06,1.00E-06,1.00E-06,1.00E-06,0.201430971,11.82231224,1.00E-06
DRR212424,1.00E-06,38.47566882,17.83344175,0.196166697,1.00E-06,0.349393559,1.00E-06,842.2521401,1.00E-06,1.00E-06,1.00E-06,1.00E-06,0.235313969,1.00E-06,1.00E-06,0.153574442,1.00E-06,0.044940241,20.81631723,1.00E-06
DRR212425,1.00E-06,19.73314033,7.232816622,0.194951936,1.00E-06,0.037256545,1.00E-06,860.7085233,1.00E-06,1.00E-06,1.00E-06,1.00E-06,1.00E-06,1.00E-06,1.00E-06,0.2098437,1.00E-06,1.00E-06,12.95539055,1.00E-06
DRR212426,1.00E-06,19.92395867,10.73795591,0.196003064,1.00E-06,0.078638855,1.00E-06,874.3911574,1.00E-06,0.036878256,1.00E-06,1.00E-06,1.050873502,1.00E-06,0.036878256,1.00E-06,1.00E-06,0.199510269,9.739918231,1.00E-06
DRR212427,1.00E-06,16.32568641,6.054539303,0.109149291,1.00E-06,0.230254329,40.18197207,612.9670058,1.00E-06,1.00E-06,1.00E-06,1.00E-06,0.001281615,1.00E-06,1.00E-06,0.184705625,1.00E-06,0.015910722,10.7037452,1.00E-06
DRR212428,1.00E-06,24.40270751,8.439080258,0.095018438,1.00E-06,0.908131612,1.00E-06,908.9707183,1.00E-06,1.00E-06,1.00E-06,1.00E-06,0.243521829,1.00E-06,1.00E-06,1.00E-06,1.00E-06,0.208980433,16.19044507,1.00E-06
DRR212429,1.00E-06,18.34379041,13.16398544,0.194194511,1.00E-06,0.131927275,1.00E-06,732.3003975,1.00E-06,1.00E-06,1.00E-06,1.00E-06,1.642797784,1.00E-06,1.00E-06,0.185859898,1.00E-06,0.012654766,5.267340162,1.00E-06
DRR212430,1.00E-06,11.15800838,4.986911287,0.196167757,1.00E-06,0.250921108,70.61035334,755.0512197,1.00E-06,1.00E-06,1.00E-06,1.00E-06,1.00E-06,1.00E-06,1.00E-06,1.00E-06,1.00E-06,0.199045304,6.461104116,1.00E-06
ERR2438157,1.00E-06,0.192810317,0.216406175,0.185478866,1.00E-06,0.028609754,19.95655093,0.813409663,4.178208001,1.00E-06,0.000266987,1.00E-06,1.00E-06,0.046281476,1.00E-06,0.022289344,1.00E-06,1.00E-06,0.190912292,0.000800961
ERR2438158,1.00E-06,0.192810317,0.216406175,0.185478866,1.00E-06,0.028609754,19.95655093,0.813409663,4.178208001,1.00E-06,0.000266987,1.00E-06,1.00E-06,0.046281476,1.00E-06,0.022289344,1.00E-06,1.00E-06,0.190912292,0.000800961
ERR2438159,1.00E-06,1.00E-06,0.218140643,0.195800188,1.51E-05,0.028402798,0.366948317,0.50170189,3.11872881,1.00E-06,0.000266987,1.00E-06,1.00E-06,1.00E-06,1.00E-06,0.09958683,1.00E-06,0.004922669,1.00E-06,0.000800961
ERR2438160,1.00E-06,1.00E-06,0.216416181,0.157686884,5.90E-06,0.028577638,1.00E-06,1.440430803,3.651126411,1.00E-06,0.000266987,1.00E-06,1.00E-06,0.065465276,1.00E-06,0.098598146,1.00E-06,1.00E-06,1.00E-06,0.000800961
ERR2438161,1.00E-06,1.00E-06,0.2167082,0.19620701,1.00E-06,0.028607787,1.00E-06,1.723183301,3.229110841,1.00E-06,0.000266987,1.00E-06,1.00E-06,1.00E-06,1.00E-06,0.098760624,1.00E-06,1.00E-06,1.00E-06,0.000800961
ERR2438162,1.00E-06,1.00E-06,0.217147681,0.196080219,1.00E-06,0.028475424,1.00E-06,1.306176257,3.197690435,1.00E-06,0.000266987,1.00E-06,1.00E-06,1.00E-06,1.00E-06,0.099648395,1.00E-06,1.00E-06,1.00E-06,0.000800961
ERR2438163,1.00E-06,1.00E-06,0.218967748,0.189309835,1.00E-06,0.031533635,1.00E-06,0.261238828,4.298062501,1.00E-06,0.000266987,1.00E-06,1.00E-06,0.047939612,1.00E-06,1.00E-06,1.00E-06,0.001822308,1.00E-06,0.000800961
ERR2438164,1.00E-06,1.00E-06,0.21555192,0.17929097,1.00E-06,0.028563701,1.141019604,0.451457523,4.559652908,1.00E-06,0.000266987,1.00E-06,1.00E-06,0.049089327,1.00E-06,0.036063177,1.00E-06,1.00E-06,1.00E-06,0.000800961
ERR2438165,1.00E-06,1.00E-06,0.216984051,0.150310426,4.13E-06,0.0285345,1.325803293,0.987220947,3.201572256,1.00E-06,0.000266987,1.00E-06,1.00E-06,1.00E-06,1.00E-06,1.00E-06,1.00E-06,1.00E-06,1.00E-06,0.000800961
ERR2438166,1.00E-06,1.00E-06,0.217517582,0.095667716,1.00E-06,0.028100075,1.00E-06,29.12735093,3.126401517,1.00E-06,0.000266987,1.00E-06,1.00E-06,0.048255026,1.00E-06,0.151096951,1.00E-06,0.004773158,1.00E-06,0.000800961
ERR2438167,1.00E-06,1.00E-06,0.216706527,0.196324825,3.32E-05,0.028845594,7.713988768,4.47744934,3.09828181,1.00E-06,0.000266987,1.00E-06,1.00E-06,1.00E-06,1.00E-06,0.150065745,1.00E-06,1.00E-06,1.00E-06,0.000800961
ERR2438168,1.00E-06,1.00E-06,0.217582792,0.11657094,0.000209983,0.029269534,0.403282014,1.250718868,3.154330447,1.00E-06,0.000266987,1.00E-06,1.00E-06,0.060413679,1.00E-06,0.028577156,1.00E-06,1.00E-06,1.00E-06,0.000800961
ERR2438169,0.100575043,1.00E-06,0.121365037,0.19726656,3.66E-05,0.030680823,1.00E-06,0.489948081,2.506758752,0.232096346,0.000266987,1.00E-06,1.00E-06,1.00E-06,0.232096346,0.108206098,1.00E-06,1.00E-06,0.230574814,0.000800961
ERR2438170,0.100575043,1.00E-06,0.121365037,0.19726656,3.66E-05,0.030680823,1.00E-06,0.489948081,2.506758752,0.232096346,0.000266987,1.00E-06,1.00E-06,1.00E-06,0.232096346,0.108206098,1.00E-06,1.00E-06,0.230574814,0.000800961
ERR2438171,1.00E-06,1.00E-06,0.222618306,0.082625929,0.000196955,0.032255519,1.00E-06,0.470350256,3.119966014,1.00E-06,0.000266987,1.00E-06,1.00E-06,1.00E-06,1.00E-06,0.110134525,1.00E-06,1.00E-06,1.00E-06,0.000800961
ERR2438172,1.00E-06,1.00E-06,0.057725327,0.096189446,1.00E-06,0.028563546,19.34449404,4.425981295,2.951897075,1.00E-06,0.000266987,1.00E-06,1.00E-06,1.00E-06,1.00E-06,0.155822113,1.00E-06,1.00E-06,0.15824133,0.000800961
ERR2438173,0.159421729,1.00E-06,1.00E-06,0.124340347,0.000142219,0.029155816,1.00E-06,2.497496292,2.473614299,1.00E-06,0.000266987,1.00E-06,1.00E-06,1.00E-06,1.00E-06,0.100482603,1.00E-06,1.00E-06,0.05789109,0.000800961
ERR2438174,1.00E-06,1.00E-06,0.215295971,0.096212667,1.64E-05,0.028620125,1.179299259,0.379247379,4.351095861,1.00E-06,0.000266987,1.00E-06,1.00E-06,1.00E-06,1.00E-06,1.00E-06,1.00E-06,1.00E-06,1.00E-06,0.000800961
ERR2438175,0.216203841,1.00E-06,1.00E-06,0.096205938,1.38E-05,0.028603701,1.00E-06,3.348271893,2.075721547,1.00E-06,0.000266987,1.00E-06,1.00E-06,1.00E-06,1.00E-06,0.152838303,1.00E-06,1.00E-06,1.00E-06,0.000800961
ERR2438176,1.00E-06,1.00E-06,0.217470294,0.12198867,3.89E-06,0.029269342,5.422991969,2.662091849,3.083932829,1.00E-06,0.000266987,1.00E-06,1.00E-06,0.071792399,1.00E-06,0.100932722,1.00E-06,1.00E-06,1.00E-06,0.000800961
ERR5691345,0.07444078,1.00E-06,1.00E-06,0.082337138,1.00E-06,1.00E-06,0.183103334,1.00E-06,1.918644316,1.00E-06,1.00E-06,1.00E-06,1.00E-06,1.00E-06,1.00E-06,1.00E-06,1.00E-06,1.00E-06,1.00E-06,1.00E-06
ERR5691346,1.00E-06,1.00E-06,1.00E-06,0.065918753,1.00E-06,1.00E-06,1.00E-06,1.00E-06,5.984688169,1.00E-06,1.00E-06,1.00E-06,1.00E-06,1.00E-06,1.00E-06,1.00E-06,1.00E-06,1.00E-06,1.00E-06,1.00E-06
ERR5691347,0.165470227,1.00E-06,1.00E-06,0.096349882,1.00E-06,1.00E-06,1.141430274,1.00E-06,3.66722173,1.00E-06,1.00E-06,1.00E-06,1.00E-06,1.00E-06,1.00E-06,1.00E-06,1.00E-06,0.005775953,1.00E-06,1.00E-06
ERR5691351,1.00E-06,1.00E-06,0.224706579,0.09487917,1.00E-06,1.00E-06,3.053237598,1.00E-06,1.00E-06,1.00E-06,1.00E-06,1.00E-06,1.00E-06,1.00E-06,1.00E-06,1.00E-06,1.00E-06,0.115200943,1.00E-06,1.00E-06
ERR5691352,0.171433005,1.00E-06,1.00E-06,0.096542631,1.00E-06,1.00E-06,1.00E-06,1.00E-06,4.001406335,1.00E-06,1.00E-06,1.00E-06,1.00E-06,1.00E-06,1.00E-06,1.00E-06,1.00E-06,1.00E-06,1.00E-06,1.00E-06
ERR5691353,0.228301467,1.00E-06,1.00E-06,0.096504674,1.00E-06,1.00E-06,1.00E-06,1.00E-06,2.822360227,1.00E-06,1.00E-06,1.00E-06,1.00E-06,1.00E-06,1.00E-06,1.00E-06,1.00E-06,0.006585911,1.00E-06,1.00E-06
ERR5691357,1.00E-06,1.00E-06,0.226842688,0.095664559,1.00E-06,1.00E-06,1.00E-06,1.00E-06,4.392485723,1.00E-06,1.00E-06,1.00E-06,1.00E-06,1.00E-06,1.00E-06,1.00E-06,1.00E-06,0.003646071,1.00E-06,1.00E-06
ERR5691358,1.00E-06,1.00E-06,0.22962963,0.175304905,1.00E-06,1.00E-06,1.00E-06,1.00E-06,4.331922378,1.00E-06,1.00E-06,1.00E-06,1.00E-06,1.00E-06,1.00E-06,0.117446203,1.00E-06,0.004131351,1.00E-06,1.00E-06
ERR5691359,1.00E-06,1.00E-06,0.167458644,0.097284557,1.00E-06,1.00E-06,0.015487199,1.00E-06,3.337586395,1.00E-06,1.00E-06,1.00E-06,1.00E-06,1.00E-06,1.00E-06,1.00E-06,1.00E-06,0.005699842,1.00E-06,1.00E-06
ERR5691363,0.092793992,1.00E-06,1.00E-06,0.09658093,1.00E-06,1.00E-06,1.00E-06,1.00E-06,4.911578918,1.00E-06,1.00E-06,1.00E-06,1.00E-06,1.00E-06,1.00E-06,1.00E-06,1.00E-06,1.00E-06,1.00E-06,1.00E-06
ERR5691364,1.00E-06,1.00E-06,0.166071655,0.095529881,1.00E-06,1.00E-06,1.00E-06,1.00E-06,3.323497823,1.00E-06,1.00E-06,1.00E-06,1.00E-06,1.00E-06,1.00E-06,1.00E-06,1.00E-06,0.005711635,1.00E-06,1.00E-06
ERR5691365,0.228171272,1.00E-06,1.00E-06,0.096557837,1.00E-06,1.00E-06,1.00E-06,1.00E-06,2.889920135,1.00E-06,1.00E-06,1.00E-06,1.00E-06,1.00E-06,1.00E-06,1.00E-06,1.00E-06,0.006857096,1.00E-06,1.00E-06
ERR9791464,1.00E-06,1.00E-06,1.00E-06,0.183905433,1.00E-06,1.00E-06,1.00E-06,83.63819815,1.43197131,1.261511291,1.00E-06,1.00E-06,1.00E-06,1.00E-06,1.261511291,0.104258524,0.100600522,0.007966316,1.188961048,1.00E-06
ERR9791465,1.00E-06,1.00E-06,0.166187914,0.095331195,1.00E-06,1.00E-06,1.00E-06,372.5678747,11.51632595,1.00E-06,1.00E-06,1.00E-06,1.00E-06,1.00E-06,1.00E-06,1.00E-06,1.00E-06,0.003791227,1.00E-06,1.00E-06
ERR9791466,0.162578527,1.00E-06,1.00E-06,0.183595945,1.00E-06,1.00E-06,1.00E-06,288.275146,2.707344589,1.00E-06,1.00E-06,1.00E-06,1.00E-06,1.00E-06,1.00E-06,0.202427996,1.00E-06,0.008367873,1.00E-06,1.00E-06
ERR9791467,0.164433271,1.00E-06,1.00E-06,0.148545199,1.00E-06,1.00E-06,1.00E-06,29.78172046,2.596005753,1.00E-06,1.00E-06,1.00E-06,1.00E-06,1.00E-06,1.00E-06,0.207320737,1.00E-06,0.007932902,1.00E-06,1.00E-06
ERR9791468,1.00E-06,1.00E-06,1.00E-06,0.095689786,1.00E-06,1.00E-06,1.00E-06,220.1802115,4.687692887,1.265694613,1.00E-06,1.00E-06,1.00E-06,1.00E-06,1.265694613,0.114631721,0.122695811,0.006001922,1.140794845,1.00E-06
ERR9791469,0.165960276,1.00E-06,1.00E-06,0.095188503,1.00E-06,1.00E-06,1.00E-06,552.295852,12.00974719,0.464852,1.00E-06,1.00E-06,1.00E-06,1.00E-06,0.464852,0.129552252,1.00E-06,0.003256364,0.462445689,1.00E-06
ERR9791470,1.00E-06,0.525181803,0.165337875,0.095179471,1.00E-06,1.00E-06,1.00E-06,709.2647452,11.24042393,0.215459197,1.00E-06,1.00E-06,1.00E-06,1.00E-06,0.215459197,0.126500237,1.00E-06,0.003747512,0.738229396,1.00E-06
ERR9791471,1.00E-06,1.00E-06,0.165687866,0.096160124,1.00E-06,1.00E-06,1.00E-06,179.9905834,5.914354059,1.00E-06,1.00E-06,1.00E-06,1.00E-06,1.00E-06,1.00E-06,0.14966453,1.00E-06,0.005500325,1.00E-06,1.00E-06
SRR11128231,1.00E-06,1.00E-06,1.00E-06,0.095295363,1.00E-06,1.00E-06,2.209404485,1.00E-06,0.686975245,2.32414,1.00E-06,1.00E-06,1.00E-06,0.034441404,2.32414,0.196813857,0.441700259,0.007131199,1.658295884,1.00E-06
SRR11128232,1.00E-06,1.00E-06,0.477764448,0.160805992,1.00E-06,1.00E-06,1.00E-06,1.00E-06,1.00E-06,3.03621774,1.00E-06,1.00E-06,1.00E-06,0.045410979,3.03621774,0.196946734,0.23838766,0.007740538,2.297864762,1.00E-06
SRR11128233,0.244738111,1.00E-06,1.00E-06,0.141924176,1.00E-06,1.00E-06,0.766272336,0.326243248,1.030502161,1.223690651,1.00E-06,1.00E-06,1.00E-06,1.00E-06,1.223690651,0.200988255,1.00E-06,0.001262083,1.195363388,1.00E-06
SRR11128234,1.00E-06,1.00E-06,0.218606484,0.195342836,1.00E-06,1.00E-06,1.00E-06,1.00E-06,3.061609544,1.00E-06,1.00E-06,1.00E-06,1.00E-06,0.045687791,1.00E-06,0.196346327,1.00E-06,0.008611617,1.00E-06,1.00E-06
SRR11128235,1.00E-06,1.00E-06,1.00E-06,0.195488277,1.00E-06,1.00E-06,1.00E-06,1.00E-06,1.00E-06,4.726825858,1.00E-06,1.00E-06,0.650179446,0.045835434,4.726825858,1.00E-06,2.364982225,0.205058354,2.629581799,1.00E-06
SRR11128236,1.00E-06,1.00E-06,1.00E-06,0.144772095,1.00E-06,1.00E-06,3.494440209,1.00E-06,1.317722621,1.26968,1.00E-06,1.00E-06,1.00E-06,0.045785021,1.26968,0.198316575,0.219170525,0.006975404,1.048284689,1.00E-06
SRR11128237,1.00E-06,1.00E-06,0.220535323,0.123310898,1.00E-06,1.00E-06,1.00E-06,1.00E-06,2.447867851,0.350238162,1.00E-06,1.00E-06,1.00E-06,0.047271341,0.350238162,0.186061333,1.00E-06,0.004649635,0.347884066,1.00E-06
SRR11128238,1.00E-06,1.00E-06,1.00E-06,0.095409504,1.00E-06,1.00E-06,3.178436795,1.00E-06,1.044242542,1.536340223,1.00E-06,1.00E-06,1.00E-06,1.00E-06,1.536340223,0.145735682,0.203584513,0.008015885,1.345269693,1.00E-06
SRR11128239,0.218310009,1.00E-06,1.00E-06,0.141187286,1.00E-06,1.00E-06,1.00E-06,1.00E-06,2.818950943,1.00E-06,1.00E-06,1.00E-06,1.00E-06,1.00E-06,1.00E-06,0.196804437,1.00E-06,0.007822607,1.00E-06,1.00E-06
SRR11128240,0.218720978,1.00E-06,1.00E-06,0.156966499,1.00E-06,1.00E-06,0.40674374,1.00E-06,2.782438564,1.00E-06,1.00E-06,1.00E-06,1.00E-06,0.046933337,1.00E-06,0.196797948,1.00E-06,0.008251122,1.00E-06,1.00E-06
SRR11128241,1.00E-06,0.314596169,1.00E-06,0.095303617,1.00E-06,1.00E-06,2.465159894,1.00E-06,1.067350351,2.204295519,1.00E-06,1.00E-06,1.00E-06,0.046400677,2.204295519,0.196669125,0.471498518,0.007799707,1.793155593,1.00E-06
SRR11128242,2.696627413,1.512685782,1.00E-06,0.095403307,1.00E-06,1.00E-06,1.00E-06,1.00E-06,0.740249414,1.998550173,1.00E-06,1.00E-06,1.00E-06,1.00E-06,1.998550173,1.00E-06,0.516511221,0.206943538,1.00E-06,1.00E-06
SRR11128243,0.219024637,1.00E-06,1.00E-06,0.095971155,1.00E-06,1.00E-06,21.25995386,1.00E-06,2.871331091,1.00E-06,1.00E-06,1.00E-06,1.00E-06,0.046982871,1.00E-06,0.199445265,1.00E-06,1.00E-06,1.00E-06,1.00E-06
SRR11128244,1.00E-06,1.00E-06,1.00E-06,0.095391443,1.00E-06,1.00E-06,1.00E-06,1.00E-06,1.080493377,1.482799526,1.00E-06,1.00E-06,1.00E-06,1.00E-06,1.482799526,0.198079913,0.163516771,0.008053009,1.304307182,1.00E-06
SRR11128245,1.00E-06,1.00E-06,1.00E-06,0.195510282,1.00E-06,1.00E-06,1.410343819,1.00E-06,1.00E-06,2.091612633,1.00E-06,1.00E-06,1.00E-06,0.041531092,2.091612633,0.197658426,0.286225652,0.007182046,1.735598469,1.00E-06
SRR11128246,1.00E-06,1.00E-06,1.00E-06,0.166163066,1.00E-06,1.00E-06,2.513383898,1.00E-06,0.212578504,1.653575858,1.00E-06,0.06633015,1.00E-06,0.051989572,1.653575858,0.1136007,0.247562581,1.00E-06,1.380805593,1.00E-06
SRR11128247,1.00E-06,1.00E-06,1.00E-06,0.095581542,1.00E-06,1.00E-06,3.347519194,1.00E-06,1.00E-06,4.181878526,1.00E-06,1.00E-06,0.946670098,0.091888391,4.181878526,0.199531743,1.272081308,0.008342272,1.828355348,1.00E-06
SRR11128248,1.00E-06,1.00E-06,0.218625018,0.19541928,1.00E-06,1.00E-06,1.00E-06,1.00E-06,3.065317991,1.00E-06,1.00E-06,1.00E-06,1.00E-06,0.046137449,1.00E-06,0.158646014,1.00E-06,0.007934096,1.00E-06,1.00E-06
SRR11128249,0.220666734,1.00E-06,1.00E-06,0.09539735,1.00E-06,1.00E-06,0.34582214,1.00E-06,1.639032432,0.705574,1.00E-06,1.00E-06,1.00E-06,1.00E-06,0.705574,0.171645773,1.00E-06,0.00876072,0.703272659,1.00E-06
SRR11128250,0.218367853,1.00E-06,1.00E-06,0.141670765,1.00E-06,1.00E-06,2.441120015,1.00E-06,1.123674255,1.100473203,1.00E-06,1.00E-06,1.00E-06,0.009098626,1.100473203,0.196716269,1.00E-06,0.007925005,1.098182308,1.00E-06
SRR11128251,0.723254808,1.00E-06,1.00E-06,0.167094185,1.00E-06,1.00E-06,2.131390558,1.00E-06,0.913774069,1.37386227,1.00E-06,1.00E-06,1.00E-06,1.00E-06,1.37386227,0.196972055,1.00E-06,0.007695978,0.866778775,1.00E-06
SRR11128252,0.220517598,1.00E-06,1.00E-06,0.095372776,1.00E-06,1.00E-06,1.061768637,1.00E-06,1.235614545,0.969529,1.00E-06,1.00E-06,1.00E-06,1.00E-06,0.969529,0.198013715,1.00E-06,0.008328744,0.967215388,1.00E-06
SRR11128253,0.220139965,1.00E-06,1.00E-06,0.095332285,1.00E-06,1.00E-06,1.00E-06,1.00E-06,2.760904882,1.00E-06,1.00E-06,1.00E-06,1.00E-06,0.046669067,1.00E-06,0.197824152,1.00E-06,0.007181835,1.00E-06,1.00E-06
SRR11128254,1.00E-06,1.00E-06,0.220799555,0.095402393,1.00E-06,1.00E-06,2.793380157,1.00E-06,0.830538184,1.438572936,1.00E-06,1.00E-06,1.00E-06,1.00E-06,1.438572936,0.19826555,1.00E-06,0.008623987,1.436274098,1.00E-06
SRR11128255,1.00E-06,1.00E-06,1.00E-06,0.195416683,1.00E-06,1.00E-06,2.828410322,1.00E-06,1.00E-06,2.107690819,1.00E-06,1.00E-06,1.00E-06,0.045575246,2.107690819,0.173585324,0.615667517,0.008161639,2.180683386,1.00E-06
SRR11128256,1.00E-06,1.00E-06,0.218411368,0.194207901,1.00E-06,1.00E-06,0.96162545,1.00E-06,1.564484477,0.987898246,1.00E-06,1.00E-06,1.00E-06,0.04525161,0.987898246,0.19675564,1.00E-06,0.007885816,0.985607279,1.00E-06
SRR11128257,1.00E-06,1.00E-06,0.22011728,0.095318682,1.00E-06,1.00E-06,9.053098797,1.00E-06,3.099823049,1.00E-06,1.00E-06,1.00E-06,1.00E-06,0.046760029,1.00E-06,0.197992637,1.00E-06,0.006473968,1.00E-06,1.00E-06
SRR11128258,1.00E-06,1.00E-06,0.218197473,0.19541743,1.00E-06,1.00E-06,0.034014657,1.00E-06,3.086554134,1.00E-06,1.00E-06,1.00E-06,1.00E-06,0.04528536,1.00E-06,0.196748624,1.00E-06,0.007889034,1.00E-06,1.00E-06
SRR11128259,1.00E-06,1.00E-06,0.218575506,0.175743599,1.00E-06,1.00E-06,1.00E-06,1.00E-06,3.072406937,1.00E-06,1.00E-06,1.00E-06,1.00E-06,0.045508434,1.00E-06,0.196548013,1.00E-06,0.008404625,1.00E-06,1.00E-06
SRR11128260,1.00E-06,1.00E-06,0.218890991,0.195442328,1.00E-06,1.00E-06,0.799551382,1.00E-06,1.642959332,0.921998894,1.00E-06,1.00E-06,1.00E-06,0.045683176,0.921998894,0.155452627,1.00E-06,0.007722856,0.919720057,1.00E-06
SRR18156375,1.00E-06,1.00E-06,1.00E-06,0.096193435,1.65E-06,1.00E-06,34.53853624,3.698735721,1.00E-06,2.0546345,1.00E-06,1.00E-06,1.00E-06,1.00E-06,2.0546345,1.00E-06,0.113745468,1.00E-06,2.251695825,1.00E-06
SRR18156376,1.00E-06,1.00E-06,1.00E-06,0.096231579,1.00E-06,1.00E-06,4.229974227,5.772124365,0.055312668,1.00E-06,0.000266987,1.00E-06,1.00E-06,1.00E-06,1.00E-06,1.00E-06,1.00E-06,1.00E-06,1.00E-06,0.000800961
SRR18156377,1.00E-06,9.92518849,1.00E-06,0.096179654,2.36E-05,0.715673121,77.59592344,28.55603632,1.00E-06,12.34201799,1.00E-06,1.00E-06,1.00E-06,1.00E-06,12.34201799,1.00E-06,7.530364372,1.00E-06,7.103576143,1.00E-06
SRR18156378,1.765895102,1.00E-06,1.00E-06,0.096383708,1.00E-06,1.00E-06,1.00E-06,1.00E-06,1.00E-06,2.898140949,1.00E-06,1.00E-06,1.00E-06,1.00E-06,2.898140949,1.00E-06,0.257608078,1.00E-06,0.647016753,1.00E-06
SRR18156379,5.135729372,6.914793061,1.991048248,0.096199562,1.00E-06,1.00E-06,1.00E-06,1.00E-06,1.00E-06,1.00E-06,1.00E-06,1.00E-06,1.00E-06,1.00E-06,1.00E-06,1.00E-06,1.00E-06,1.00E-06,0.330226019,1.00E-06
SRR18156380,1.00E-06,5.085543836,9.190682484,0.096195884,6.41E-06,1.00E-06,48.13077105,4.355155642,5.891597933,9.843205575,1.00E-06,1.00E-06,1.00E-06,1.00E-06,9.843205575,1.00E-06,2.918106976,1.00E-06,1.00E-06,1.00E-06
SRR18156383,1.184820739,1.00E-06,1.00E-06,0.096200024,2.21E-06,1.00E-06,6.865664882,8.297378713,1.00E-06,1.794124243,1.00E-06,1.00E-06,1.00E-06,1.00E-06,1.794124243,1.00E-06,0.362210019,1.00E-06,1.00E-06,1.00E-06
SRR18156384,1.00E-06,1.00E-06,1.00E-06,0.096261357,1.16E-06,1.00E-06,1.00E-06,1.00E-06,1.00E-06,1.622624015,1.00E-06,1.00E-06,1.00E-06,1.00E-06,1.622624015,1.00E-06,0.810491173,1.00E-06,1.00E-06,1.00E-06
SRR18156385,2.895395145,1.00E-06,1.00E-06,0.097252194,1.00E-06,1.00E-06,5.155240475,14.35389087,1.00E-06,3.075871497,1.00E-06,1.00E-06,1.00E-06,1.00E-06,3.075871497,1.00E-06,0.151193182,1.00E-06,1.00E-06,1.00E-06
SRR18156386,1.00E-06,1.00E-06,1.00E-06,0.096821376,1.00E-06,1.00E-06,1.00E-06,1.420684243,0.001746928,0.75225677,1.00E-06,1.00E-06,1.00E-06,1.00E-06,0.75225677,1.00E-06,0.376760927,1.00E-06,1.00E-06,1.00E-06
SRR19820311,1.00E-06,1.00E-06,1.00E-06,0.09719587,2.05E-06,1.00E-06,3.776332723,0.767385915,1.00E-06,2.302290779,1.00E-06,0.00146137,1.00E-06,1.00E-06,2.302290779,1.00E-06,0.427135082,1.00E-06,1.549729411,1.00E-06
SRR19820312,1.00E-06,19.09155518,5.518098151,0.09621417,1.00E-06,0.375234468,5.273190786,40.44742493,1.00E-06,1.00E-06,1.00E-06,1.00E-06,1.161207753,0.018646078,1.00E-06,1.00E-06,1.527036619,1.00E-06,10.63523851,1.00E-06
SRR19820313,1.00E-06,0.659490828,0.054306424,0.09626169,4.76E-06,1.00E-06,115.7861755,0.648748526,1.00E-06,2.259933073,1.00E-06,1.00E-06,0.074610701,1.00E-06,2.259933073,1.00E-06,1.00E-06,1.00E-06,2.917554419,1.00E-06
SRR19820314,1.00E-06,1.00E-06,1.00E-06,0.096206306,2.13E-06,1.00E-06,101.3801014,0.697493316,1.00E-06,3.747980614,1.00E-06,1.00E-06,1.00E-06,1.00E-06,3.747980614,1.00E-06,0.680930138,1.00E-06,2.484185406,1.00E-06
SRR19820319,1.90305038,1.00E-06,1.00E-06,0.095473444,1.00E-06,1.00E-06,1.00E-06,2.847925973,0.347593309,1.975662084,1.00E-06,1.00E-06,1.00E-06,1.00E-06,1.975662084,1.00E-06,0.094281024,0.007439378,1.00E-06,1.00E-06
SRR19820330,1.00E-06,1.00E-06,1.00E-06,0.096222447,1.08E-05,0.152933326,42.26301501,5.785783651,1.00E-06,5.276800592,1.00E-06,1.00E-06,1.00E-06,0.072681263,5.276800592,1.00E-06,0.8435954,1.00E-06,3.687715203,1.00E-06
SRR19820341,1.00E-06,1.00E-06,1.00E-06,0.096217394,1.17E-05,0.415813545,3.362931505,5.986687323,1.00E-06,5.46271,1.00E-06,1.00E-06,1.00E-06,1.00E-06,5.46271,1.00E-06,1.156750673,1.00E-06,3.365374236,1.00E-06
SRR19820352,1.00E-06,1.00E-06,0.396903745,0.095515736,2.61E-06,0.968937845,59.36243277,0.631201642,1.00E-06,14.39151658,1.00E-06,1.00E-06,1.00E-06,1.00E-06,14.39151658,1.00E-06,5.841587903,0.006847007,2.36285002,1.00E-06
SRR19820361,1.00E-06,62.32632711,35.59367536,0.09572415,3.21E-06,1.20417697,29.05739861,5.852624998,1.00E-06,1.00E-06,1.00E-06,1.00E-06,1.00E-06,1.00E-06,1.00E-06,1.00E-06,1.00E-06,0.004054635,26.77474035,1.00E-06
SRR19820362,1.00E-06,1.00E-06,1.00E-06,0.097331966,0.01811729,0.055917727,20.90114856,2.044344137,1.00E-06,3.841574372,1.00E-06,1.00E-06,1.00E-06,1.00E-06,3.841574372,1.00E-06,0.873438007,1.00E-06,2.198771192,1.00E-06
SRR19820363,1.00E-06,1.00E-06,1.00E-06,0.096560283,0.006288358,1.00E-06,1.00E-06,0.740753577,1.00E-06,3.787410975,1.00E-06,1.00E-06,1.00E-06,1.00E-06,3.787410975,1.00E-06,1.231105734,1.00E-06,1.424634073,1.00E-06
SRR19820364,1.00E-06,1.00E-06,1.00E-06,0.097319435,0.019457971,1.00E-06,3.017114737,1.00E-06,1.00E-06,1.673928563,1.00E-06,1.00E-06,1.00E-06,1.00E-06,1.673928563,1.00E-06,0.838951036,1.00E-06,1.00E-06,1.00E-06
SRR20999497,1.00E-06,1.00E-06,8.541014455,0.096200494,1.00E-06,1.461981654,70.85601034,3.378448466,1.00E-06,13.07885287,1.00E-06,1.00E-06,0.189528548,1.00E-06,13.07885287,1.00E-06,1.00E-06,0.198648824,8.021826565,1.00E-06
SRR20999498,1.393592428,12.85696154,7.222681133,0.196181473,1.00E-06,1.00E-06,133.4157414,18.51305902,1.00E-06,6.815585734,1.00E-06,1.00E-06,1.00E-06,1.00E-06,6.815585734,1.00E-06,1.713415408,0.114745446,7.827520028,1.00E-06
SRR20999500,1.00E-06,17.00845563,5.471721137,0.196238184,1.00E-06,0.028721773,30.20879829,8.856989159,1.00E-06,1.00E-06,1.00E-06,1.00E-06,1.00E-06,1.00E-06,1.00E-06,1.00E-06,2.030330397,0.199154642,9.053154484,1.00E-06
SRR20999501,1.00E-06,20.48029,1.969538409,0.096201854,4.08E-06,1.00E-06,80.42670063,8.722243588,1.00E-06,0.362483,1.00E-06,2.066067097,1.00E-06,1.00E-06,0.362483,1.00E-06,6.523756692,0.108781027,5.924143433,1.00E-06
SRR20999502,1.00E-06,1.00E-06,1.00E-06,0.196184613,1.00E-06,0.028571556,94.71026038,9.375308398,1.00E-06,15.49393072,1.00E-06,1.00E-06,1.00E-06,1.00E-06,15.49393072,1.00E-06,7.807479742,0.198680179,1.00E-06,1.00E-06
SRR20999503,1.00E-06,1.00E-06,1.00E-06,0.196194403,1.00E-06,0.795183512,78.35551015,7.032105226,1.00E-06,11.01414895,1.00E-06,1.00E-06,1.00E-06,1.00E-06,11.01414895,1.00E-06,4.634904777,0.198583519,1.942358203,1.00E-06
SRR20999504,1.00E-06,4.423504659,1.00E-06,0.196187481,1.00E-06,0.3199843,112.9644758,5.081611504,1.00E-06,7.572496674,1.00E-06,0.768030637,1.00E-06,1.00E-06,7.572496674,1.00E-06,5.027759063,0.198567408,2.156566,1.00E-06
SRR20999513,1.00E-06,0.147641619,2.81947402,0.196166352,1.00E-06,1.00E-06,101.9991686,5.050896982,1.00E-06,9.332504468,1.00E-06,1.00E-06,1.00E-06,1.00E-06,9.332504468,1.00E-06,3.178180123,0.198806739,0.488282743,1.00E-06
SRR20999514,1.00E-06,2.285146547,1.00E-06,0.196189448,1.00E-06,1.00E-06,125.3860179,5.464398286,1.00E-06,3.92449081,1.00E-06,1.00E-06,1.38369729,0.295450752,3.92449081,1.00E-06,1.671368562,0.198508579,3.067675518,1.00E-06
SRR20999515,1.00E-06,4.450676069,1.00E-06,0.196193622,1.00E-06,1.595863117,111.7585321,5.111727297,1.00E-06,7.817470565,1.00E-06,1.00E-06,2.34E-05,0.043122439,7.817470565,1.00E-06,2.577518024,0.198501021,7.329185389,1.00E-06
SRR20999516,1.00E-06,6.460009465,11.05961787,0.096182075,1.00E-06,1.00E-06,410.7296481,4.969099287,1.00E-06,10.22243256,1.00E-06,1.00E-06,0.218237416,1.00E-06,10.22243256,1.00E-06,1.00E-06,0.198774702,5.838657771,1.00E-06
SRR20999517,1.00E-06,11.56590928,1.383076177,0.196168169,1.00E-06,1.00E-06,20.27278756,5.518422022,1.00E-06,1.00E-06,1.00E-06,1.00E-06,0.382534752,1.00E-06,1.00E-06,1.00E-06,1.738697873,0.198810942,6.921519986,1.00E-06
SRR20999518,1.00E-06,22.68619508,5.181662894,0.096183442,1.00E-06,0.963432116,123.7723827,11.37425883,1.00E-06,0.062324712,1.00E-06,1.00E-06,6.018808982,1.00E-06,0.062324712,1.00E-06,3.661576815,0.198618704,10.35846725,1.00E-06
SRR20999519,0.216153118,1.00E-06,1.00E-06,0.152161125,1.00E-06,0.028572826,65.95034249,2.082742671,1.919160314,1.00E-06,0.000266987,1.00E-06,1.00E-06,1.00E-06,1.00E-06,0.098757862,1.00E-06,1.00E-06,1.00E-06,0.000800961
SRR21232869,1.00E-06,1.00E-06,1.00E-06,0.152773766,5.39E-06,0.028549416,81.46865547,1.00E-06,2.923692265,1.00E-06,0.000266987,1.00E-06,1.00E-06,1.00E-06,1.00E-06,0.09907967,0.009517039,1.00E-06,0.196945641,0.000800961
SRR21232870,1.00E-06,1.00E-06,0.218677004,0.096203536,5.50E-06,0.028677066,94.47568659,1.00E-06,2.994171494,0.644828476,0.000266987,1.00E-06,1.00E-06,1.00E-06,0.644828476,0.137527944,1.00E-06,1.00E-06,0.642929918,0.000800961
SRR21232871,1.00E-06,1.00E-06,0.216838961,0.144301272,1.00E-06,0.028415459,33.4788109,1.00E-06,3.497506506,1.00E-06,0.000266987,1.00E-06,1.00E-06,0.047623798,1.00E-06,0.101763766,1.00E-06,5.41E-05,1.00E-06,0.000800961
SRR21232872,1.00E-06,1.00E-06,0.218541535,0.09641479,0.000133455,0.029217773,67.19288663,1.00E-06,4.902657503,1.00E-06,0.000266987,1.00E-06,1.00E-06,0.044913406,1.00E-06,0.105155307,1.00E-06,1.00E-06,1.00E-06,0.000800961
SRR21232873,1.00E-06,1.00E-06,0.217688847,0.110825373,4.36E-05,0.028910855,176.8894209,1.00E-06,4.743343264,1.00E-06,0.000266987,1.00E-06,1.00E-06,0.045746812,1.00E-06,0.204864367,1.00E-06,1.00E-06,1.00E-06,0.000800961
SRR21232874,1.00E-06,1.00E-06,0.218333351,0.196429703,0.000175014,0.029227617,1.00E-06,1.00E-06,4.385658755,1.00E-06,0.000266987,1.00E-06,1.00E-06,1.00E-06,1.00E-06,0.10497659,1.00E-06,1.00E-06,1.00E-06,0.000800961
SRR21232875,1.00E-06,1.00E-06,0.218009281,0.095684163,1.00E-06,0.028248118,226.9644597,1.00E-06,3.089332175,1.00E-06,0.000266987,1.00E-06,1.00E-06,0.046535011,1.00E-06,0.136738606,1.00E-06,0.005294949,1.00E-06,0.000800961
SRR21232876,1.00E-06,1.00E-06,0.21766356,0.096243542,1.37E-05,0.028825487,83.97465019,1.00E-06,4.392731898,1.00E-06,0.000266987,1.00E-06,1.00E-06,0.045574835,1.00E-06,0.205623502,1.00E-06,1.00E-06,1.00E-06,0.000800961
SRR21232877,1.00E-06,1.00E-06,0.217749497,0.096248437,1.78E-05,1.00E-06,68.07674369,1.00E-06,4.420985056,1.00E-06,0.000266987,1.00E-06,1.00E-06,1.00E-06,1.00E-06,0.206541323,1.00E-06,1.00E-06,1.00E-06,0.000800961
SRR21232878,1.00E-06,1.00E-06,0.216151631,0.123752353,1.00E-06,0.028593626,22.53849064,0.312771481,3.196239795,1.00E-06,0.000266987,1.00E-06,1.00E-06,0.045102211,1.00E-06,0.225158149,1.00E-06,1.00E-06,1.00E-06,0.000800961
SRR21232879,1.00E-06,1.00E-06,0.21735094,0.096171244,3.10E-05,1.00E-06,40.46747018,1.00E-06,4.010726356,1.00E-06,0.000266987,1.00E-06,1.00E-06,1.00E-06,1.00E-06,0.204148703,1.00E-06,1.00E-06,1.00E-06,0.000800961
SRR21232880,1.00E-06,1.00E-06,0.217410637,0.196256255,1.00E-06,0.028845277,1.00E-06,1.00E-06,4.352780298,1.00E-06,0.000266987,1.00E-06,1.00E-06,0.050543852,1.00E-06,0.120959487,1.00E-06,1.00E-06,1.00E-06,0.000800961
SRR21232881,1.00E-06,1.00E-06,0.216438894,0.196030858,1.00E-06,0.028419922,85.23757701,1.00E-06,3.162843274,1.00E-06,0.000266987,1.00E-06,1.00E-06,0.048958891,1.00E-06,0.100254179,1.00E-06,1.00E-06,1.00E-06,0.000800961
SRR21232882,1.00E-06,1.00E-06,0.216975959,0.196198575,3.71E-06,0.028693638,80.91191015,1.00E-06,4.145507097,1.00E-06,0.000266987,1.00E-06,1.00E-06,1.00E-06,1.00E-06,0.102145207,1.00E-06,1.00E-06,1.00E-06,0.000800961
SRR21232883,1.00E-06,1.00E-06,0.217155767,0.126735039,2.29E-06,0.028685921,87.17745723,1.00E-06,4.292647603,1.00E-06,0.000266987,1.00E-06,1.00E-06,0.047514758,1.00E-06,0.103009463,1.00E-06,1.00E-06,1.00E-06,0.000800961
SRR21232884,1.00E-06,1.00E-06,0.21710961,0.196216006,2.63E-06,0.028709739,159.0139287,1.00E-06,4.224750796,1.00E-06,0.000266987,1.00E-06,1.00E-06,1.00E-06,1.00E-06,0.131897655,1.00E-06,1.00E-06,1.00E-06,0.000800961
SRR21232885,1.00E-06,1.00E-06,0.218041753,0.196490028,0.000242803,0.029346185,3.821971083,1.00E-06,3.690088954,1.00E-06,0.000266987,1.00E-06,1.00E-06,1.00E-06,1.00E-06,0.116994313,1.00E-06,1.00E-06,1.00E-06,0.000800961
SRR21232886,1.00E-06,1.00E-06,0.217750202,0.196235287,1.00E-06,1.00E-06,74.96873864,1.00E-06,3.022292998,1.00E-06,0.000266987,1.00E-06,1.00E-06,1.00E-06,1.00E-06,0.104017967,1.00E-06,1.00E-06,1.00E-06,0.000800961
SRR21232887,1.00E-06,1.00E-06,0.216668739,0.196089487,1.21E-05,0.028536176,47.10399582,1.00E-06,3.400678965,1.00E-06,0.000266987,1.00E-06,1.00E-06,0.045510544,1.00E-06,0.119399701,1.00E-06,1.00E-06,1.00E-06,0.000800961
SRR21232888,1.00E-06,1.00E-06,0.217953177,0.100769165,7.07E-06,0.028848567,85.29762818,1.00E-06,5.158169733,1.00E-06,0.000266987,1.00E-06,1.00E-06,1.00E-06,1.00E-06,0.204509695,1.00E-06,1.00E-06,1.00E-06,0.000800961
SRR21232889,1.00E-06,1.00E-06,0.217052441,0.096023374,1.26E-06,0.028615745,82.51747226,1.00E-06,3.105208408,1.00E-06,0.000266987,1.00E-06,1.00E-06,0.048478872,1.00E-06,0.142681915,1.00E-06,0.000799375,1.00E-06,0.000800961
SRR21232890,1.00E-06,1.00E-06,0.217022643,0.196118391,1.00E-06,0.028604896,135.1102962,1.00E-06,4.066115646,1.00E-06,0.000266987,1.00E-06,1.00E-06,0.048607971,1.00E-06,0.102165809,1.00E-06,1.00E-06,1.00E-06,0.000800961
SRR21232891,1.00E-06,1.00E-06,0.217077326,0.096075847,1.00E-06,0.028540915,36.53197049,1.00E-06,3.901404048,1.00E-06,0.000266987,1.00E-06,1.00E-06,0.050677475,1.00E-06,0.139868375,1.00E-06,1.00E-06,1.00E-06,0.000800961
SRR21232892,1.00E-06,1.00E-06,0.217410075,0.113326165,1.00E-06,0.028877631,55.80827733,1.00E-06,4.325236799,1.00E-06,0.000266987,1.00E-06,1.00E-06,1.00E-06,1.00E-06,0.102944407,1.00E-06,1.00E-06,1.00E-06,0.000800961
SRR9277302,1.00E-06,1.00E-06,0.229653536,0.043205544,1.00E-06,1.00E-06,1.00E-06,1.00E-06,3.085370691,1.00E-06,1.00E-06,1.00E-06,1.00E-06,0.057106541,1.00E-06,0.114207434,1.00E-06,1.00E-06,1.00E-06,1.00E-06
SRR9277303,1.00E-06,1.00E-06,1.00E-06,0.118522041,1.00E-06,1.00E-06,1.00E-06,1.00E-06,2.599575002,1.00E-06,1.00E-06,1.00E-06,1.00E-06,0.055289035,1.00E-06,1.00E-06,1.00E-06,1.00E-06,1.00E-06,1.00E-06
SRR9277304,1.00E-06,2.581135904,0.224545837,0.097150787,1.00E-06,1.00E-06,8.26158267,1.00E-06,0.599403925,1.00E-06,1.00E-06,1.00E-06,1.00E-06,1.00E-06,1.00E-06,0.107092986,1.00E-06,1.00E-06,2.5795285,1.00E-06
SRR9277305,1.00E-06,1.00E-06,0.229066999,0.045356927,1.00E-06,1.00E-06,1.00E-06,1.00E-06,2.941528815,1.00E-06,1.00E-06,1.00E-06,1.00E-06,0.050149935,1.00E-06,0.113324525,1.00E-06,1.00E-06,1.00E-06,1.00E-06
SRR9277306,1.00E-06,1.00E-06,0.224947651,0.095236315,1.00E-06,1.00E-06,1.00E-06,1.00E-06,6.131995727,1.00E-06,1.00E-06,1.00E-06,1.00E-06,1.00E-06,1.00E-06,1.00E-06,1.00E-06,1.00E-06,1.00E-06,1.00E-06
SRR9277307,1.00E-06,1.00E-06,0.222065566,0.197173434,1.00E-06,1.00E-06,2.823649452,1.00E-06,3.676264689,1.00E-06,1.00E-06,1.00E-06,1.00E-06,0.052831739,1.00E-06,0.195683246,1.00E-06,1.00E-06,1.00E-06,1.00E-06
SRR9277308,1.00E-06,1.00E-06,0.222458474,0.190970541,1.00E-06,1.00E-06,12.08689635,1.00E-06,3.646664872,1.00E-06,1.00E-06,1.00E-06,1.00E-06,0.050941592,1.00E-06,0.108871572,1.00E-06,1.00E-06,1.00E-06,1.00E-06
SRR9277312,1.00E-06,1.00E-06,0.218853213,0.195425291,1.00E-06,1.00E-06,35.14506439,1.00E-06,3.182398483,1.00E-06,1.00E-06,1.00E-06,1.00E-06,0.047570002,1.00E-06,0.152456781,1.00E-06,0.007361221,1.00E-06,1.00E-06
SRR9277313,1.00E-06,1.00E-06,0.221519628,0.196944307,1.00E-06,1.00E-06,5.881922012,1.00E-06,3.394686782,1.00E-06,1.00E-06,1.00E-06,1.00E-06,1.00E-06,1.00E-06,1.00E-06,1.00E-06,1.00E-06,1.00E-06,1.00E-06
SRR9277314,0.222415324,1.00E-06,1.00E-06,0.183943412,1.00E-06,1.00E-06,0.504354619,1.00E-06,0.595304605,1.00E-06,1.00E-06,1.00E-06,1.00E-06,1.00E-06,1.00E-06,1.00E-06,1.00E-06,1.00E-06,1.00E-06,1.00E-06
SRR9277315,1.00E-06,19.86355061,12.72603577,0.197259653,1.00E-06,0.815670249,14.55450687,1.00E-06,1.00E-06,1.00E-06,1.00E-06,1.00E-06,1.00E-06,1.00E-06,1.00E-06,0.20691057,1.00E-06,1.00E-06,16.1852625,1.00E-06
SRR9277316,0.221343458,1.00E-06,1.00E-06,0.108509399,1.00E-06,0.029695399,1.00E-06,1.00E-06,6.460212677,1.00E-06,0.000266987,1.00E-06,1.00E-06,0.057165772,1.00E-06,0.212202803,1.00E-06,1.00E-06,1.00E-06,0.000800961
SRR9277317,1.00E-06,1.00E-06,0.002920561,0.096165002,1.52E-05,1.00E-06,128.3377286,1.00E-06,4.885103238,1.00E-06,1.00E-06,1.00E-06,1.00E-06,1.00E-06,1.00E-06,1.00E-06,1.00E-06,1.00E-06,1.00E-06,1.00E-06
SRR9277318,2.42143652,9.864364982,1.00E-06,0.096297078,1.00E-06,1.00E-06,8.503860298,1.00E-06,1.009485759,1.00E-06,1.00E-06,1.00E-06,1.00E-06,1.00E-06,1.00E-06,1.00E-06,1.00E-06,1.00E-06,7.526790201,1.00E-06
SRR9277319,0.222474887,1.00E-06,1.00E-06,0.09680368,1.00E-06,1.00E-06,57.00355948,1.00E-06,4.510564985,1.00E-06,1.00E-06,1.00E-06,1.00E-06,0.047209789,1.00E-06,0.112518788,1.00E-06,1.00E-06,1.00E-06,1.00E-06
SRR9277321,1.00E-06,1.00E-06,0.080392779,0.097086977,1.00E-06,1.00E-06,1.00E-06,1.00E-06,2.583680109,1.00E-06,1.00E-06,1.00E-06,1.00E-06,1.00E-06,1.00E-06,1.00E-06,1.00E-06,1.00E-06,1.00E-06,1.00E-06
SRR9277322,1.00E-06,1.00E-06,0.02322081,0.097312279,1.00E-06,1.00E-06,1.00E-06,1.00E-06,2.653583826,1.00E-06,1.00E-06,1.00E-06,1.00E-06,1.00E-06,1.00E-06,1.00E-06,1.00E-06,1.00E-06,1.00E-06,1.00E-06
SRR9277327,0.221911118,1.00E-06,1.00E-06,0.144128002,1.00E-06,1.00E-06,1.00E-06,1.00E-06,6.902918667,1.00E-06,1.00E-06,1.00E-06,1.00E-06,0.073575082,1.00E-06,1.00E-06,1.00E-06,1.00E-06,1.00E-06,1.00E-06
SRR9277328,5.602005418,4.849796874,1.00E-06,0.096874475,1.00E-06,1.00E-06,1.00E-06,1.00E-06,0.9101322,0.530840302,1.00E-06,1.00E-06,1.00E-06,1.00E-06,0.530840302,0.210272662,1.00E-06,1.00E-06,1.00E-06,1.00E-06
SRR9277331,0.120773104,1.00E-06,1.00E-06,0.097340363,1.00E-06,1.00E-06,129.7738373,1.00E-06,0.702957697,1.00E-06,0.000266987,1.00E-06,1.00E-06,1.00E-06,1.00E-06,1.00E-06,1.00E-06,1.00E-06,1.00E-06,0.000800961
SRR9277332,1.00E-06,1.00E-06,0.170211146,1.00E-06,1.00E-06,1.00E-06,1.00E-06,1.00E-06,1.713454605,1.00E-06,1.00E-06,1.00E-06,1.00E-06,0.056339187,1.00E-06,0.124451057,1.00E-06,1.00E-06,1.00E-06,1.00E-06
SRR9277333,1.00E-06,1.00E-06,0.223240464,0.185609393,1.00E-06,1.00E-06,1.00E-06,1.00E-06,3.445990529,1.00E-06,1.00E-06,1.00E-06,1.00E-06,0.050390638,1.00E-06,0.209389047,1.00E-06,1.00E-06,1.00E-06,1.00E-06
SRR9277334,0.168116573,1.00E-06,1.00E-06,0.166334625,1.00E-06,1.00E-06,1.00E-06,1.00E-06,7.255149175,1.00E-06,1.00E-06,1.00E-06,1.00E-06,1.00E-06,1.00E-06,1.00E-06,1.00E-06,1.00E-06,1.00E-06,1.00E-06
SRR9277335,1.00E-06,1.00E-06,0.229650727,0.043204306,1.00E-06,1.00E-06,13.52229385,1.00E-06,3.074788518,1.00E-06,1.00E-06,1.00E-06,1.00E-06,1.00E-06,1.00E-06,0.114208629,1.00E-06,1.00E-06,1.00E-06,1.00E-06
SRR9277336,0.172296332,1.00E-06,1.00E-06,0.096794498,1.00E-06,1.00E-06,1.00E-06,1.00E-06,1.093560237,1.00E-06,1.00E-06,1.00E-06,1.00E-06,1.00E-06,1.00E-06,0.201136015,0.023568118,1.00E-06,1.00E-06,1.00E-06
SRR9277337,1.00E-06,1.00E-06,0.085399353,0.097370675,1.00E-06,1.00E-06,0.002768863,1.00E-06,2.717251659,1.00E-06,1.00E-06,1.00E-06,1.00E-06,1.00E-06,1.00E-06,1.00E-06,1.00E-06,1.00E-06,1.00E-06,1.00E-06
SRR9277338,1.00E-06,1.00E-06,0.224527376,0.095855973,1.00E-06,1.00E-06,1.00E-06,1.00E-06,4.034134671,1.00E-06,1.00E-06,1.00E-06,1.00E-06,0.048994602,1.00E-06,0.208483548,1.00E-06,1.00E-06,1.00E-06,1.00E-06